timestamp,file,action,source,destination,reason
2025-12-24T17:27:04.090016,deduplicate_and_index.py,HIERARCHY_HEAL,agentic_core/L0_maintenance/P1_core,L0_maintenance/scripts,Bulk Alignment
2025-12-24T17:27:04.093702,reasoning_memory.py,HIERARCHY_HEAL,agentic_core/L1_cognition,L1_cognition/thought_engine,Bulk Alignment
2025-12-24T17:27:04.095165,semantic_gatekeeper.py,HIERARCHY_HEAL,agentic_core/L1_cognition/boundaries,L1_cognition/thought_engine,Bulk Alignment
2025-12-24T17:27:04.096174,agent_registry.py,HIERARCHY_HEAL,agentic_core/L1_cognition/discovery,L1_cognition/thought_engine,Bulk Alignment
2025-12-24T17:27:04.097916,agent_registry_enums.py,HIERARCHY_HEAL,agentic_core/L1_cognition/discovery,L1_cognition/thought_engine,Bulk Alignment
2025-12-24T17:27:04.097916,spiffe_manager.py,HIERARCHY_HEAL,agentic_core/L1_cognition/identity,L1_cognition/thought_engine,Bulk Alignment
2025-12-24T17:27:04.100425,spiffe_manager_impl.py,HIERARCHY_HEAL,agentic_core/L1_cognition/identity,L1_cognition/thought_engine,Bulk Alignment
2025-12-24T17:27:04.102509,spiffe_manager_types.py,HIERARCHY_HEAL,agentic_core/L1_cognition/identity,L1_cognition/thought_engine,Bulk Alignment
2025-12-24T17:27:04.104504,inference_engine.py,HIERARCHY_HEAL,agentic_core/L1_cognition/inference,L1_cognition/thought_engine,Bulk Alignment
2025-12-24T17:27:04.105535,signal_anchoring.py,HIERARCHY_HEAL,agentic_core/L1_cognition/inference,L1_cognition/thought_engine,Bulk Alignment
2025-12-24T17:27:04.107050,action_registry.py,HIERARCHY_HEAL,agentic_core/L1_cognition/P1_core,L1_cognition/thought_engine,Bulk Alignment
2025-12-24T17:27:04.108564,adjust_section_weights.py,HIERARCHY_HEAL,agentic_core/L1_cognition/P1_core,L1_cognition/thought_engine,Bulk Alignment
2025-12-24T17:27:04.109572,adjust_tone_weights.py,HIERARCHY_HEAL,agentic_core/L1_cognition/P1_core,L1_cognition/thought_engine,Bulk Alignment
2025-12-24T17:27:04.112188,agentic_constants.py,HIERARCHY_HEAL,agentic_core/L1_cognition/P1_core,L1_cognition/thought_engine,Bulk Alignment
2025-12-24T17:27:04.113306,agent_capabilities.py,HIERARCHY_HEAL,agentic_core/L1_cognition/P1_core,L1_cognition/thought_engine,Bulk Alignment
2025-12-24T17:27:04.114682,agent_logic.py,HIERARCHY_HEAL,agentic_core/L1_cognition/P1_core,L1_cognition/thought_engine,Bulk Alignment
2025-12-24T17:27:04.115193,aggregate_campaign_state.py,HIERARCHY_HEAL,agentic_core/L1_cognition/P1_core,L1_cognition/thought_engine,Bulk Alignment
2025-12-24T17:27:04.117287,aggregate_resume_state.py,HIERARCHY_HEAL,agentic_core/L1_cognition/P1_core,L1_cognition/thought_engine,Bulk Alignment
2025-12-24T17:27:04.118955,apply_outreach_safety_policy.py,HIERARCHY_HEAL,agentic_core/L1_cognition/P1_core,L1_cognition/thought_engine,Bulk Alignment
2025-12-24T17:27:04.120513,apply_resume_safety_policy.py,HIERARCHY_HEAL,agentic_core/L1_cognition/P1_core,L1_cognition/thought_engine,Bulk Alignment
2025-12-24T17:27:04.122156,apply_safety_policy.py,HIERARCHY_HEAL,agentic_core/L1_cognition/P1_core,L1_cognition/thought_engine,Bulk Alignment
2025-12-24T17:27:04.123689,assess_cognition_relevance.py,HIERARCHY_HEAL,agentic_core/L1_cognition/P1_core,L1_cognition/thought_engine,Bulk Alignment
2025-12-24T17:27:04.124687,assess_content_relevance.py,HIERARCHY_HEAL,agentic_core/L1_cognition/P1_core,L1_cognition/thought_engine,Bulk Alignment
2025-12-24T17:27:04.125715,assess_content_risk.py,HIERARCHY_HEAL,agentic_core/L1_cognition/P1_core,L1_cognition/thought_engine,Bulk Alignment
2025-12-24T17:27:04.126827,assess_message_relevance.py,HIERARCHY_HEAL,agentic_core/L1_cognition/P1_core,L1_cognition/thought_engine,Bulk Alignment
2025-12-24T17:27:04.128527,brief_models.py,HIERARCHY_HEAL,agentic_core/L1_cognition/P1_core,L1_cognition/thought_engine,Bulk Alignment
2025-12-24T17:27:04.130073,build_message_filters.py,HIERARCHY_HEAL,agentic_core/L1_cognition/P1_core,L1_cognition/thought_engine,Bulk Alignment
2025-12-24T17:27:04.131440,build_personalization_query.py,HIERARCHY_HEAL,agentic_core/L1_cognition/P1_core,L1_cognition/thought_engine,Bulk Alignment
2025-12-24T17:27:04.133484,build_search_filters.py,HIERARCHY_HEAL,agentic_core/L1_cognition/P1_core,L1_cognition/thought_engine,Bulk Alignment
2025-12-24T17:27:04.134602,build_skill_query.py,HIERARCHY_HEAL,agentic_core/L1_cognition/P1_core,L1_cognition/thought_engine,Bulk Alignment
2025-12-24T17:27:04.148042,calibrate_engagement_score.py,HIERARCHY_HEAL,agentic_core/L1_cognition/P1_core,L1_cognition/thought_engine,Bulk Alignment
2025-12-24T17:27:04.150050,calibrate_fit_score.py,HIERARCHY_HEAL,agentic_core/L1_cognition/P1_core,L1_cognition/thought_engine,Bulk Alignment
2025-12-24T17:27:04.150627,canon_base_agent.py,HIERARCHY_HEAL,agentic_core/L1_cognition/P1_core,L1_cognition/thought_engine,Bulk Alignment
2025-12-24T17:27:04.153474,canon_orchestration_manager.py,HIERARCHY_HEAL,agentic_core/L1_cognition/P1_core,L1_cognition/thought_engine,Bulk Alignment
2025-12-24T17:27:04.155089,check_message_compliance.py,HIERARCHY_HEAL,agentic_core/L1_cognition/P1_core,L1_cognition/thought_engine,Bulk Alignment
2025-12-24T17:27:04.155089,check_message_quality.py,HIERARCHY_HEAL,agentic_core/L1_cognition/P1_core,L1_cognition/thought_engine,Bulk Alignment
2025-12-24T17:27:04.158139,check_output_quality.py,HIERARCHY_HEAL,agentic_core/L1_cognition/P1_core,L1_cognition/thought_engine,Bulk Alignment
2025-12-24T17:27:04.159248,check_outreach_policy.py,HIERARCHY_HEAL,agentic_core/L1_cognition/P1_core,L1_cognition/thought_engine,Bulk Alignment
2025-12-24T17:27:04.160667,check_outreach_rules.py,HIERARCHY_HEAL,agentic_core/L1_cognition/P1_core,L1_cognition/thought_engine,Bulk Alignment
2025-12-24T17:27:04.161609,check_outreach_rules_types.py,HIERARCHY_HEAL,agentic_core/L1_cognition/P1_core,L1_cognition/thought_engine,Bulk Alignment
2025-12-24T17:27:04.163964,check_resume_compliance.py,HIERARCHY_HEAL,agentic_core/L1_cognition/P1_core,L1_cognition/thought_engine,Bulk Alignment
2025-12-24T17:27:04.164757,check_resume_policy.py,HIERARCHY_HEAL,agentic_core/L1_cognition/P1_core,L1_cognition/thought_engine,Bulk Alignment
2025-12-24T17:27:04.166764,check_resume_rules.py,HIERARCHY_HEAL,agentic_core/L1_cognition/P1_core,L1_cognition/thought_engine,Bulk Alignment
2025-12-24T17:27:04.166764,check_resume_rules_impl.py,HIERARCHY_HEAL,agentic_core/L1_cognition/P1_core,L1_cognition/thought_engine,Bulk Alignment
2025-12-24T17:27:04.169341,check_resume_rules_types.py,HIERARCHY_HEAL,agentic_core/L1_cognition/P1_core,L1_cognition/thought_engine,Bulk Alignment
2025-12-24T17:27:04.170382,compare_meaning_find_effectives.py,HIERARCHY_HEAL,agentic_core/L1_cognition/P1_core,L1_cognition/thought_engine,Bulk Alignment
2025-12-24T17:27:04.172553,compare_meaning_find_relevants.py,HIERARCHY_HEAL,agentic_core/L1_cognition/P1_core,L1_cognition/thought_engine,Bulk Alignment
2025-12-24T17:27:04.173561,compute_personalization_match.py,HIERARCHY_HEAL,agentic_core/L1_cognition/P1_core,L1_cognition/thought_engine,Bulk Alignment
2025-12-24T17:27:04.175633,compute_skill_similarity.py,HIERARCHY_HEAL,agentic_core/L1_cognition/P1_core,L1_cognition/thought_engine,Bulk Alignment
2025-12-24T17:27:04.177001,concurrency_guardian.py,HIERARCHY_HEAL,agentic_core/L1_cognition/P1_core,L1_cognition/thought_engine,Bulk Alignment
2025-12-24T17:27:04.177960,consensus.py,HIERARCHY_HEAL,agentic_core/L1_cognition/P1_core,L1_cognition/thought_engine,Bulk Alignment
2025-12-24T17:27:04.179476,consensus_engine.py,HIERARCHY_HEAL,agentic_core/L1_cognition/P1_core,L1_cognition/thought_engine,Bulk Alignment
2025-12-24T17:27:04.180992,create_experience_bullets.py,HIERARCHY_HEAL,agentic_core/L1_cognition/P1_core,L1_cognition/thought_engine,Bulk Alignment
2025-12-24T17:27:04.181524,create_message_body.py,HIERARCHY_HEAL,agentic_core/L1_cognition/P1_core,L1_cognition/thought_engine,Bulk Alignment
2025-12-24T17:27:04.184113,dependency_sentinel.py,HIERARCHY_HEAL,agentic_core/L1_cognition/P1_core,L1_cognition/thought_engine,Bulk Alignment
2025-12-24T17:27:04.185131,diagnose_generation_issues.py,HIERARCHY_HEAL,agentic_core/L1_cognition/P1_core,L1_cognition/thought_engine,Bulk Alignment
2025-12-24T17:27:04.187296,diagnose_personalization_issues.py,HIERARCHY_HEAL,agentic_core/L1_cognition/P1_core,L1_cognition/thought_engine,Bulk Alignment
2025-12-24T17:27:04.188354,dspy_optimizer.py,HIERARCHY_HEAL,agentic_core/L1_cognition/P1_core,L1_cognition/thought_engine,Bulk Alignment
2025-12-24T17:27:04.190042,embed_job_description.py,HIERARCHY_HEAL,agentic_core/L1_cognition/P1_core,L1_cognition/thought_engine,Bulk Alignment
2025-12-24T17:27:04.191050,embed_message.py,HIERARCHY_HEAL,agentic_core/L1_cognition/P1_core,L1_cognition/thought_engine,Bulk Alignment
2025-12-24T17:27:04.192052,embed_recipient_profile.py,HIERARCHY_HEAL,agentic_core/L1_cognition/P1_core,L1_cognition/thought_engine,Bulk Alignment
2025-12-24T17:27:04.193607,embed_resume_sections.py,HIERARCHY_HEAL,agentic_core/L1_cognition/P1_core,L1_cognition/thought_engine,Bulk Alignment
2025-12-24T17:27:04.194614,enforce_budget_limits.py,HIERARCHY_HEAL,agentic_core/L1_cognition/P1_core,L1_cognition/thought_engine,Bulk Alignment
2025-12-24T17:27:04.195999,enforce_length_limits.py,HIERARCHY_HEAL,agentic_core/L1_cognition/P1_core,L1_cognition/thought_engine,Bulk Alignment
2025-12-24T17:27:04.197341,enforce_message_contracts.py,HIERARCHY_HEAL,agentic_core/L1_cognition/P1_core,L1_cognition/thought_engine,Bulk Alignment
2025-12-24T17:27:04.197856,enforce_outreach_boundaries.py,HIERARCHY_HEAL,agentic_core/L1_cognition/P1_core,L1_cognition/thought_engine,Bulk Alignment
2025-12-24T17:27:04.199477,enforce_resume_boundaries.py,HIERARCHY_HEAL,agentic_core/L1_cognition/P1_core,L1_cognition/thought_engine,Bulk Alignment
2025-12-24T17:27:04.200546,enforce_resume_contracts.py,HIERARCHY_HEAL,agentic_core/L1_cognition/P1_core,L1_cognition/thought_engine,Bulk Alignment
2025-12-24T17:27:04.202115,enforce_tone_guidelines.py,HIERARCHY_HEAL,agentic_core/L1_cognition/P1_core,L1_cognition/thought_engine,Bulk Alignment
2025-12-24T17:27:04.203741,episodic_memory.py,HIERARCHY_HEAL,agentic_core/L1_cognition/P1_core,L1_cognition/thought_engine,Bulk Alignment
2025-12-24T17:27:04.205368,evaluate_compliance_level.py,HIERARCHY_HEAL,agentic_core/L1_cognition/P1_core,L1_cognition/thought_engine,Bulk Alignment
2025-12-24T17:27:04.206642,evaluate_engagement_potential.py,HIERARCHY_HEAL,agentic_core/L1_cognition/P1_core,L1_cognition/thought_engine,Bulk Alignment
2025-12-24T17:27:04.207669,evaluate_personalization_quality.py,HIERARCHY_HEAL,agentic_core/L1_cognition/P1_core,L1_cognition/thought_engine,Bulk Alignment
2025-12-24T17:27:04.209256,evaluate_resume_effectiveness.py,HIERARCHY_HEAL,agentic_core/L1_cognition/P1_core,L1_cognition/thought_engine,Bulk Alignment
2025-12-24T17:27:04.209807,evaluate_writing_quality.py,HIERARCHY_HEAL,agentic_core/L1_cognition/P1_core,L1_cognition/thought_engine,Bulk Alignment
2025-12-24T17:27:04.211694,extract_contact_info.py,HIERARCHY_HEAL,agentic_core/L1_cognition/P1_core,L1_cognition/thought_engine,Bulk Alignment
2025-12-24T17:27:04.212704,extract_resume_requirements.py,HIERARCHY_HEAL,agentic_core/L1_cognition/P1_core,L1_cognition/thought_engine,Bulk Alignment
2025-12-24T17:27:04.213211,fetch_recipient_interactions.py,HIERARCHY_HEAL,agentic_core/L1_cognition/P1_core,L1_cognition/thought_engine,Bulk Alignment
2025-12-24T17:27:04.214705,fetch_user_preferences.py,HIERARCHY_HEAL,agentic_core/L1_cognition/P1_core,L1_cognition/thought_engine,Bulk Alignment
2025-12-24T17:27:04.216212,filter_inappropriate_content.py,HIERARCHY_HEAL,agentic_core/L1_cognition/P1_core,L1_cognition/thought_engine,Bulk Alignment
2025-12-24T17:27:04.216212,find_effectives.py,HIERARCHY_HEAL,agentic_core/L1_cognition/P1_core,L1_cognition/thought_engine,Bulk Alignment
2025-12-24T17:27:04.219342,find_relevants.py,HIERARCHY_HEAL,agentic_core/L1_cognition/P1_core,L1_cognition/thought_engine,Bulk Alignment
2025-12-24T17:27:04.220812,format_data.py,HIERARCHY_HEAL,agentic_core/L1_cognition/P1_core,L1_cognition/thought_engine,Bulk Alignment
2025-12-24T17:27:04.222248,format_metadata.py,HIERARCHY_HEAL,agentic_core/L1_cognition/P1_core,L1_cognition/thought_engine,Bulk Alignment
2025-12-24T17:27:04.223259,generate_subject_line.py,HIERARCHY_HEAL,agentic_core/L1_cognition/P1_core,L1_cognition/thought_engine,Bulk Alignment
2025-12-24T17:27:04.225286,generate_summary_section.py,HIERARCHY_HEAL,agentic_core/L1_cognition/P1_core,L1_cognition/thought_engine,Bulk Alignment
2025-12-24T17:27:04.226402,get_info_embedding_compare.py,HIERARCHY_HEAL,agentic_core/L1_cognition/P1_core,L1_cognition/thought_engine,Bulk Alignment
2025-12-24T17:27:04.227931,get_info_embedding_compare_types.py,HIERARCHY_HEAL,agentic_core/L1_cognition/P1_core,L1_cognition/thought_engine,Bulk Alignment
2025-12-24T17:27:04.228956,get_info_understand_request.py,HIERARCHY_HEAL,agentic_core/L1_cognition/P1_core,L1_cognition/thought_engine,Bulk Alignment
2025-12-24T17:27:04.230475,get_info_understand_request_types.py,HIERARCHY_HEAL,agentic_core/L1_cognition/P1_core,L1_cognition/thought_engine,Bulk Alignment
2025-12-24T17:27:04.231483,get_info_utility_prepare_information.py,HIERARCHY_HEAL,agentic_core/L1_cognition/P1_core,L1_cognition/thought_engine,Bulk Alignment
2025-12-24T17:27:04.233550,get_info_utility_prepare_information_types.py,HIERARCHY_HEAL,agentic_core/L1_cognition/P1_core,L1_cognition/thought_engine,Bulk Alignment
2025-12-24T17:27:04.234661,handle_api_timeouts.py,HIERARCHY_HEAL,agentic_core/L1_cognition/P1_core,L1_cognition/thought_engine,Bulk Alignment
2025-12-24T17:27:04.236730,handle_service_errors.py,HIERARCHY_HEAL,agentic_core/L1_cognition/P1_core,L1_cognition/thought_engine,Bulk Alignment
2025-12-24T17:27:04.237998,historian.py,HIERARCHY_HEAL,agentic_core/L1_cognition/P1_core,L1_cognition/thought_engine,Bulk Alignment
2025-12-24T17:27:04.239316,implement_fallbacks.py,HIERARCHY_HEAL,agentic_core/L1_cognition/P1_core,L1_cognition/thought_engine,Bulk Alignment
2025-12-24T17:27:04.240326,implement_fallback_strategy.py,HIERARCHY_HEAL,agentic_core/L1_cognition/P1_core,L1_cognition/thought_engine,Bulk Alignment
2025-12-24T17:27:04.241597,information_build_message_filters.py,HIERARCHY_HEAL,agentic_core/L1_cognition/P1_core,L1_cognition/thought_engine,Bulk Alignment
2025-12-24T17:27:04.242107,information_build_search_filters.py,HIERARCHY_HEAL,agentic_core/L1_cognition/P1_core,L1_cognition/thought_engine,Bulk Alignment
2025-12-24T17:27:04.244733,information_prepare_outreach_context.py,HIERARCHY_HEAL,agentic_core/L1_cognition/P1_core,L1_cognition/thought_engine,Bulk Alignment
2025-12-24T17:27:04.245373,information_prepare_resume_context.py,HIERARCHY_HEAL,agentic_core/L1_cognition/P1_core,L1_cognition/thought_engine,Bulk Alignment
2025-12-24T17:27:04.246889,inspect_message_quality.py,HIERARCHY_HEAL,agentic_core/L1_cognition/P1_core,L1_cognition/thought_engine,Bulk Alignment
2025-12-24T17:27:04.249616,inspect_resume_quality.py,HIERARCHY_HEAL,agentic_core/L1_cognition/P1_core,L1_cognition/thought_engine,Bulk Alignment
2025-12-24T17:27:04.250137,k25_enums.py,HIERARCHY_HEAL,agentic_core/L1_cognition/P1_core,L1_cognition/thought_engine,Bulk Alignment
2025-12-24T17:27:04.252299,k25_models.py,HIERARCHY_HEAL,agentic_core/L1_cognition/P1_core,L1_cognition/thought_engine,Bulk Alignment
2025-12-24T17:27:04.254264,k25_research_agent.py,HIERARCHY_HEAL,agentic_core/L1_cognition/P1_core,L1_cognition/thought_engine,Bulk Alignment
2025-12-24T17:27:04.255649,k25_research_models.py,HIERARCHY_HEAL,agentic_core/L1_cognition/P1_core,L1_cognition/thought_engine,Bulk Alignment
2025-12-24T17:27:04.257157,k25_research_models_types.py,HIERARCHY_HEAL,agentic_core/L1_cognition/P1_core,L1_cognition/thought_engine,Bulk Alignment
2025-12-24T17:27:04.258190,lic_archetypes.py,HIERARCHY_HEAL,agentic_core/L1_cognition/P1_core,L1_cognition/thought_engine,Bulk Alignment
2025-12-24T17:27:04.259274,lic_archetypes_enums.py,HIERARCHY_HEAL,agentic_core/L1_cognition/P1_core,L1_cognition/thought_engine,Bulk Alignment
2025-12-24T17:27:04.260949,lic_archetypes_models.py,HIERARCHY_HEAL,agentic_core/L1_cognition/P1_core,L1_cognition/thought_engine,Bulk Alignment
2025-12-24T17:27:04.262467,lic_cta_patterns.py,HIERARCHY_HEAL,agentic_core/L1_cognition/P1_core,L1_cognition/thought_engine,Bulk Alignment
2025-12-24T17:27:04.262467,lic_cta_patterns_enums.py,HIERARCHY_HEAL,agentic_core/L1_cognition/P1_core,L1_cognition/thought_engine,Bulk Alignment
2025-12-24T17:27:04.264847,lic_cta_patterns_models.py,HIERARCHY_HEAL,agentic_core/L1_cognition/P1_core,L1_cognition/thought_engine,Bulk Alignment
2025-12-24T17:27:04.264847,lic_routing_rules.py,HIERARCHY_HEAL,agentic_core/L1_cognition/P1_core,L1_cognition/thought_engine,Bulk Alignment
2025-12-24T17:27:04.267742,lic_routing_rules_enums.py,HIERARCHY_HEAL,agentic_core/L1_cognition/P1_core,L1_cognition/thought_engine,Bulk Alignment
2025-12-24T17:27:04.269323,lic_routing_rules_models.py,HIERARCHY_HEAL,agentic_core/L1_cognition/P1_core,L1_cognition/thought_engine,Bulk Alignment
2025-12-24T17:27:04.271681,lic_validator_rules.py,HIERARCHY_HEAL,agentic_core/L1_cognition/P1_core,L1_cognition/thought_engine,Bulk Alignment
2025-12-24T17:27:04.273240,lic_validator_rules_types.py,HIERARCHY_HEAL,agentic_core/L1_cognition/P1_core,L1_cognition/thought_engine,Bulk Alignment
2025-12-24T17:27:04.274751,lic_vector_memory.py,HIERARCHY_HEAL,agentic_core/L1_cognition/P1_core,L1_cognition/thought_engine,Bulk Alignment
2025-12-24T17:27:04.275855,lic_vector_memory_types.py,HIERARCHY_HEAL,agentic_core/L1_cognition/P1_core,L1_cognition/thought_engine,Bulk Alignment
2025-12-24T17:27:04.277481,load_rag_config.py,HIERARCHY_HEAL,agentic_core/L1_cognition/P1_core,L1_cognition/thought_engine,Bulk Alignment
2025-12-24T17:27:04.278510,log_campaign_metrics.py,HIERARCHY_HEAL,agentic_core/L1_cognition/P1_core,L1_cognition/thought_engine,Bulk Alignment
2025-12-24T17:27:04.280059,match_job_patterns.py,HIERARCHY_HEAL,agentic_core/L1_cognition/P1_core,L1_cognition/thought_engine,Bulk Alignment
2025-12-24T17:27:04.281346,match_recipient_patterns.py,HIERARCHY_HEAL,agentic_core/L1_cognition/P1_core,L1_cognition/thought_engine,Bulk Alignment
2025-12-24T17:27:04.283631,meaning_match_job_patterns.py,HIERARCHY_HEAL,agentic_core/L1_cognition/P1_core,L1_cognition/thought_engine,Bulk Alignment
2025-12-24T17:27:04.284694,meaning_match_recipient_patterns.py,HIERARCHY_HEAL,agentic_core/L1_cognition/P1_core,L1_cognition/thought_engine,Bulk Alignment
2025-12-24T17:27:04.286865,meaning_search_similar_messages.py,HIERARCHY_HEAL,agentic_core/L1_cognition/P1_core,L1_cognition/thought_engine,Bulk Alignment
2025-12-24T17:27:04.288394,meaning_search_similar_resumes.py,HIERARCHY_HEAL,agentic_core/L1_cognition/P1_core,L1_cognition/thought_engine,Bulk Alignment
2025-12-24T17:27:04.290014,merge_generation_history.py,HIERARCHY_HEAL,agentic_core/L1_cognition/P1_core,L1_cognition/thought_engine,Bulk Alignment
2025-12-24T17:27:04.291176,merge_outreach_history.py,HIERARCHY_HEAL,agentic_core/L1_cognition/P1_core,L1_cognition/thought_engine,Bulk Alignment
2025-12-24T17:27:04.293123,message_planner.py,HIERARCHY_HEAL,agentic_core/L1_cognition/P1_core,L1_cognition/thought_engine,Bulk Alignment
2025-12-24T17:27:04.294639,message_refinement_adjust_scores.py,HIERARCHY_HEAL,agentic_core/L1_cognition/P1_core,L1_cognition/thought_engine,Bulk Alignment
2025-12-24T17:27:04.295149,normalize_relevance_scores.py,HIERARCHY_HEAL,agentic_core/L1_cognition/P1_core,L1_cognition/thought_engine,Bulk Alignment
2025-12-24T17:27:04.297201,normalize_skill_scores.py,HIERARCHY_HEAL,agentic_core/L1_cognition/P1_core,L1_cognition/thought_engine,Bulk Alignment
2025-12-24T17:27:04.298712,optimize_content_order.py,HIERARCHY_HEAL,agentic_core/L1_cognition/P1_core,L1_cognition/thought_engine,Bulk Alignment
2025-12-24T17:27:04.300488,optimize_message_structure.py,HIERARCHY_HEAL,agentic_core/L1_cognition/P1_core,L1_cognition/thought_engine,Bulk Alignment
2025-12-24T17:27:04.302519,orchestration_engine.py,HIERARCHY_HEAL,agentic_core/L1_cognition/P1_core,L1_cognition/thought_engine,Bulk Alignment
2025-12-24T17:27:04.304051,order_call_to_actions.py,HIERARCHY_HEAL,agentic_core/L1_cognition/P1_core,L1_cognition/thought_engine,Bulk Alignment
2025-12-24T17:27:04.305105,order_skills_by_relevance.py,HIERARCHY_HEAL,agentic_core/L1_cognition/P1_core,L1_cognition/thought_engine,Bulk Alignment
2025-12-24T17:27:04.307345,P4_safety_apply_safety_policy.py,HIERARCHY_HEAL,agentic_core/L1_cognition/P1_core,L1_cognition/thought_engine,Bulk Alignment
2025-12-24T17:27:04.308632,P4_safety_check_resume_rules.py,HIERARCHY_HEAL,agentic_core/L1_cognition/P1_core,L1_cognition/thought_engine,Bulk Alignment
2025-12-24T17:27:04.310463,P4_safety_check_resume_rules_impl.py,HIERARCHY_HEAL,agentic_core/L1_cognition/P1_core,L1_cognition/thought_engine,Bulk Alignment
2025-12-24T17:27:04.311989,P4_safety_check_resume_rules_types.py,HIERARCHY_HEAL,agentic_core/L1_cognition/P1_core,L1_cognition/thought_engine,Bulk Alignment
2025-12-24T17:27:04.338622,parse_job_description.py,HIERARCHY_HEAL,agentic_core/L1_cognition/P1_core,L1_cognition/thought_engine,Bulk Alignment
2025-12-24T17:27:04.338622,parse_outreach_target.py,HIERARCHY_HEAL,agentic_core/L1_cognition/P1_core,L1_cognition/thought_engine,Bulk Alignment
2025-12-24T17:27:04.340269,persona_planner.py,HIERARCHY_HEAL,agentic_core/L1_cognition/P1_core,L1_cognition/thought_engine,Bulk Alignment
2025-12-24T17:27:04.341276,prepare_information_format_metadata.py,HIERARCHY_HEAL,agentic_core/L1_cognition/P1_core,L1_cognition/thought_engine,Bulk Alignment
2025-12-24T17:27:04.343311,prepare_outreach_context.py,HIERARCHY_HEAL,agentic_core/L1_cognition/P1_core,L1_cognition/thought_engine,Bulk Alignment
2025-12-24T17:27:04.344928,prepare_resume_context.py,HIERARCHY_HEAL,agentic_core/L1_cognition/P1_core,L1_cognition/thought_engine,Bulk Alignment
2025-12-24T17:27:04.345387,prioritize_achievements.py,HIERARCHY_HEAL,agentic_core/L1_cognition/P1_core,L1_cognition/thought_engine,Bulk Alignment
2025-12-24T17:27:04.347591,prioritize_talking_points.py,HIERARCHY_HEAL,agentic_core/L1_cognition/P1_core,L1_cognition/thought_engine,Bulk Alignment
2025-12-24T17:27:04.348589,profile_planner.py,HIERARCHY_HEAL,agentic_core/L1_cognition/P1_core,L1_cognition/thought_engine,Bulk Alignment
2025-12-24T17:27:04.350346,query_past_campaigns.py,HIERARCHY_HEAL,agentic_core/L1_cognition/P1_core,L1_cognition/thought_engine,Bulk Alignment
2025-12-24T17:27:04.350864,query_past_generations.py,HIERARCHY_HEAL,agentic_core/L1_cognition/P1_core,L1_cognition/thought_engine,Bulk Alignment
2025-12-24T17:27:04.352440,rank_message_variants.py,HIERARCHY_HEAL,agentic_core/L1_cognition/P1_core,L1_cognition/thought_engine,Bulk Alignment
2025-12-24T17:27:04.354013,rank_resume_sections.py,HIERARCHY_HEAL,agentic_core/L1_cognition/P1_core,L1_cognition/thought_engine,Bulk Alignment
2025-12-24T17:27:04.355057,refine_message_ranking.py,HIERARCHY_HEAL,agentic_core/L1_cognition/P1_core,L1_cognition/thought_engine,Bulk Alignment
2025-12-24T17:27:04.355700,refine_resume_ranking.py,HIERARCHY_HEAL,agentic_core/L1_cognition/P1_core,L1_cognition/thought_engine,Bulk Alignment
2025-12-24T17:27:04.357206,refine_types.py,HIERARCHY_HEAL,agentic_core/L1_cognition/P1_core,L1_cognition/thought_engine,Bulk Alignment
2025-12-24T17:27:04.359309,request_build_personalization_query.py,HIERARCHY_HEAL,agentic_core/L1_cognition/P1_core,L1_cognition/thought_engine,Bulk Alignment
2025-12-24T17:27:04.360258,request_build_skill_query.py,HIERARCHY_HEAL,agentic_core/L1_cognition/P1_core,L1_cognition/thought_engine,Bulk Alignment
2025-12-24T17:27:04.361857,request_extract_resume_requirements.py,HIERARCHY_HEAL,agentic_core/L1_cognition/P1_core,L1_cognition/thought_engine,Bulk Alignment
2025-12-24T17:27:04.363444,request_fetch_recipient_interactions.py,HIERARCHY_HEAL,agentic_core/L1_cognition/P1_core,L1_cognition/thought_engine,Bulk Alignment
2025-12-24T17:27:04.363962,request_fetch_user_preferences.py,HIERARCHY_HEAL,agentic_core/L1_cognition/P1_core,L1_cognition/thought_engine,Bulk Alignment
2025-12-24T17:27:04.365911,request_parse_job_description.py,HIERARCHY_HEAL,agentic_core/L1_cognition/P1_core,L1_cognition/thought_engine,Bulk Alignment
2025-12-24T17:27:04.366919,request_parse_outreach_target.py,HIERARCHY_HEAL,agentic_core/L1_cognition/P1_core,L1_cognition/thought_engine,Bulk Alignment
2025-12-24T17:27:04.368425,request_query_past_campaigns.py,HIERARCHY_HEAL,agentic_core/L1_cognition/P1_core,L1_cognition/thought_engine,Bulk Alignment
2025-12-24T17:27:04.368982,request_query_past_generations.py,HIERARCHY_HEAL,agentic_core/L1_cognition/P1_core,L1_cognition/thought_engine,Bulk Alignment
2025-12-24T17:27:04.370529,request_retrieve_outreach_history.py,HIERARCHY_HEAL,agentic_core/L1_cognition/P1_core,L1_cognition/thought_engine,Bulk Alignment
2025-12-24T17:27:04.372050,request_retrieve_resume_history.py,HIERARCHY_HEAL,agentic_core/L1_cognition/P1_core,L1_cognition/thought_engine,Bulk Alignment
2025-12-24T17:27:04.372050,resume_planner.py,HIERARCHY_HEAL,agentic_core/L1_cognition/P1_core,L1_cognition/thought_engine,Bulk Alignment
2025-12-24T17:27:04.374588,retrieve_outreach_history.py,HIERARCHY_HEAL,agentic_core/L1_cognition/P1_core,L1_cognition/thought_engine,Bulk Alignment
2025-12-24T17:27:04.376311,retrieve_resume_history.py,HIERARCHY_HEAL,agentic_core/L1_cognition/P1_core,L1_cognition/thought_engine,Bulk Alignment
2025-12-24T17:27:04.378751,retry_generation_failures.py,HIERARCHY_HEAL,agentic_core/L1_cognition/P1_core,L1_cognition/thought_engine,Bulk Alignment
2025-12-24T17:27:04.380530,retry_task_implement_fallbacks.py,HIERARCHY_HEAL,agentic_core/L1_cognition/P1_core,L1_cognition/thought_engine,Bulk Alignment
2025-12-24T17:27:04.382010,rg_creative_brief.py,HIERARCHY_HEAL,agentic_core/L1_cognition/P1_core,L1_cognition/thought_engine,Bulk Alignment
2025-12-24T17:27:04.383577,rg_creative_brief_enums.py,HIERARCHY_HEAL,agentic_core/L1_cognition/P1_core,L1_cognition/thought_engine,Bulk Alignment
2025-12-24T17:27:04.386427,rg_creative_brief_models.py,HIERARCHY_HEAL,agentic_core/L1_cognition/P1_core,L1_cognition/thought_engine,Bulk Alignment
2025-12-24T17:27:04.388192,rg_validation_gates.py,HIERARCHY_HEAL,agentic_core/L1_cognition/P1_core,L1_cognition/thought_engine,Bulk Alignment
2025-12-24T17:27:04.389915,rg_validation_gates_types.py,HIERARCHY_HEAL,agentic_core/L1_cognition/P1_core,L1_cognition/thought_engine,Bulk Alignment
2025-12-24T17:27:04.390425,route_models.py,HIERARCHY_HEAL,agentic_core/L1_cognition/P1_core,L1_cognition/thought_engine,Bulk Alignment
2025-12-24T17:27:04.392280,safety_check_outreach_policy.py,HIERARCHY_HEAL,agentic_core/L1_cognition/P1_core,L1_cognition/thought_engine,Bulk Alignment
2025-12-24T17:27:04.393340,safety_check_resume_policy.py,HIERARCHY_HEAL,agentic_core/L1_cognition/P1_core,L1_cognition/thought_engine,Bulk Alignment
2025-12-24T17:27:04.395479,safety_enforce_outreach_boundaries.py,HIERARCHY_HEAL,agentic_core/L1_cognition/P1_core,L1_cognition/thought_engine,Bulk Alignment
2025-12-24T17:27:04.395479,safety_enforce_resume_boundaries.py,HIERARCHY_HEAL,agentic_core/L1_cognition/P1_core,L1_cognition/thought_engine,Bulk Alignment
2025-12-24T17:27:04.398328,safety_filter_inappropriate_content.py,HIERARCHY_HEAL,agentic_core/L1_cognition/P1_core,L1_cognition/thought_engine,Bulk Alignment
2025-12-24T17:27:04.400337,safety_validate_ethical_standards.py,HIERARCHY_HEAL,agentic_core/L1_cognition/P1_core,L1_cognition/thought_engine,Bulk Alignment
2025-12-24T17:27:04.401912,safety_validate_outreach_constraints.py,HIERARCHY_HEAL,agentic_core/L1_cognition/P1_core,L1_cognition/thought_engine,Bulk Alignment
2025-12-24T17:27:04.403083,safety_validate_resume_constraints.py,HIERARCHY_HEAL,agentic_core/L1_cognition/P1_core,L1_cognition/thought_engine,Bulk Alignment
2025-12-24T17:27:04.405167,scores_adjust_section_weights.py,HIERARCHY_HEAL,agentic_core/L1_cognition/P1_core,L1_cognition/thought_engine,Bulk Alignment
2025-12-24T17:27:04.405878,scores_adjust_tone_weights.py,HIERARCHY_HEAL,agentic_core/L1_cognition/P1_core,L1_cognition/thought_engine,Bulk Alignment
2025-12-24T17:27:04.407936,scores_optimize_content_order.py,HIERARCHY_HEAL,agentic_core/L1_cognition/P1_core,L1_cognition/thought_engine,Bulk Alignment
2025-12-24T17:27:04.409540,scores_optimize_message_structure.py,HIERARCHY_HEAL,agentic_core/L1_cognition/P1_core,L1_cognition/thought_engine,Bulk Alignment
2025-12-24T17:27:04.410548,scores_refine_message_ranking.py,HIERARCHY_HEAL,agentic_core/L1_cognition/P1_core,L1_cognition/thought_engine,Bulk Alignment
2025-12-24T17:27:04.412662,scores_refine_resume_ranking.py,HIERARCHY_HEAL,agentic_core/L1_cognition/P1_core,L1_cognition/thought_engine,Bulk Alignment
2025-12-24T17:27:04.414091,search_similar_messages.py,HIERARCHY_HEAL,agentic_core/L1_cognition/P1_core,L1_cognition/thought_engine,Bulk Alignment
2025-12-24T17:27:04.415610,search_similar_resumes.py,HIERARCHY_HEAL,agentic_core/L1_cognition/P1_core,L1_cognition/thought_engine,Bulk Alignment
2025-12-24T17:27:04.416144,serialize_generation_context.py,HIERARCHY_HEAL,agentic_core/L1_cognition/P1_core,L1_cognition/thought_engine,Bulk Alignment
2025-12-24T17:27:04.418674,serialize_outreach_context.py,HIERARCHY_HEAL,agentic_core/L1_cognition/P1_core,L1_cognition/thought_engine,Bulk Alignment
2025-12-24T17:27:04.420295,snapshot_campaign_state.py,HIERARCHY_HEAL,agentic_core/L1_cognition/P1_core,L1_cognition/thought_engine,Bulk Alignment
2025-12-24T17:27:04.422330,snapshot_resume_state.py,HIERARCHY_HEAL,agentic_core/L1_cognition/P1_core,L1_cognition/thought_engine,Bulk Alignment
2025-12-24T17:27:04.423858,sovereign_cognitive_plane.py,HIERARCHY_HEAL,agentic_core/L1_cognition/P1_core,L1_cognition/thought_engine,Bulk Alignment
2025-12-24T17:27:04.426255,sovereign_cognitive_plane_with_streamer.py,HIERARCHY_HEAL,agentic_core/L1_cognition/P1_core,L1_cognition/thought_engine,Bulk Alignment
2025-12-24T17:27:04.427701,strategic_planner.py,HIERARCHY_HEAL,agentic_core/L1_cognition/P1_core,L1_cognition/thought_engine,Bulk Alignment
2025-12-24T17:27:04.428755,task_handle_api_timeouts.py,HIERARCHY_HEAL,agentic_core/L1_cognition/P1_core,L1_cognition/thought_engine,Bulk Alignment
2025-12-24T17:27:04.431008,task_handle_service_errors.py,HIERARCHY_HEAL,agentic_core/L1_cognition/P1_core,L1_cognition/thought_engine,Bulk Alignment
2025-12-24T17:27:04.433359,task_implement_fallback_strategy.py,HIERARCHY_HEAL,agentic_core/L1_cognition/P1_core,L1_cognition/thought_engine,Bulk Alignment
2025-12-24T17:27:04.435090,task_retry_generation_failures.py,HIERARCHY_HEAL,agentic_core/L1_cognition/P1_core,L1_cognition/thought_engine,Bulk Alignment
2025-12-24T17:27:04.436694,test_action_registry.py,HIERARCHY_HEAL,agentic_core/L1_cognition/P1_core,L1_cognition/thought_engine,Bulk Alignment
2025-12-24T17:27:04.438318,the_cartographer.py,HIERARCHY_HEAL,agentic_core/L1_cognition/P1_core,L1_cognition/thought_engine,Bulk Alignment
2025-12-24T17:27:04.439894,tools_routing_retry_task.py,HIERARCHY_HEAL,agentic_core/L1_cognition/P1_core,L1_cognition/thought_engine,Bulk Alignment
2025-12-24T17:27:04.441282,tools_routing_retry_task_types.py,HIERARCHY_HEAL,agentic_core/L1_cognition/P1_core,L1_cognition/thought_engine,Bulk Alignment
2025-12-24T17:27:04.442696,tools_use_a_tool.py,HIERARCHY_HEAL,agentic_core/L1_cognition/P1_core,L1_cognition/thought_engine,Bulk Alignment
2025-12-24T17:27:04.443912,tools_use_a_tool_impl.py,HIERARCHY_HEAL,agentic_core/L1_cognition/P1_core,L1_cognition/thought_engine,Bulk Alignment
2025-12-24T17:27:04.445508,tool_create_experience_bullets.py,HIERARCHY_HEAL,agentic_core/L1_cognition/P1_core,L1_cognition/thought_engine,Bulk Alignment
2025-12-24T17:27:04.447181,tool_create_message_body.py,HIERARCHY_HEAL,agentic_core/L1_cognition/P1_core,L1_cognition/thought_engine,Bulk Alignment
2025-12-24T17:27:04.448820,tool_generate_subject_line.py,HIERARCHY_HEAL,agentic_core/L1_cognition/P1_core,L1_cognition/thought_engine,Bulk Alignment
2025-12-24T17:27:04.450397,tool_generate_summary_section.py,HIERARCHY_HEAL,agentic_core/L1_cognition/P1_core,L1_cognition/thought_engine,Bulk Alignment
2025-12-24T17:27:04.451463,tool_types.py,HIERARCHY_HEAL,agentic_core/L1_cognition/P1_core,L1_cognition/thought_engine,Bulk Alignment
2025-12-24T17:27:04.453074,track_outreach_generation_cost.py,HIERARCHY_HEAL,agentic_core/L1_cognition/P1_core,L1_cognition/thought_engine,Bulk Alignment
2025-12-24T17:27:04.454411,track_resume_generation_cost.py,HIERARCHY_HEAL,agentic_core/L1_cognition/P1_core,L1_cognition/thought_engine,Bulk Alignment
2025-12-24T17:27:04.455418,truth_keeper.py,HIERARCHY_HEAL,agentic_core/L1_cognition/P1_core,L1_cognition/thought_engine,Bulk Alignment
2025-12-24T17:27:04.457008,understand_request_extract_contact_info.py,HIERARCHY_HEAL,agentic_core/L1_cognition/P1_core,L1_cognition/thought_engine,Bulk Alignment
2025-12-24T17:27:04.457898,update_recipient_profiles.py,HIERARCHY_HEAL,agentic_core/L1_cognition/P1_core,L1_cognition/thought_engine,Bulk Alignment
2025-12-24T17:27:04.459535,update_token_usage.py,HIERARCHY_HEAL,agentic_core/L1_cognition/P1_core,L1_cognition/thought_engine,Bulk Alignment
2025-12-24T17:27:04.460595,update_user_profile.py,HIERARCHY_HEAL,agentic_core/L1_cognition/P1_core,L1_cognition/thought_engine,Bulk Alignment
2025-12-24T17:27:04.461632,validate_ethical_standards.py,HIERARCHY_HEAL,agentic_core/L1_cognition/P1_core,L1_cognition/thought_engine,Bulk Alignment
2025-12-24T17:27:04.463204,validate_generated_content.py,HIERARCHY_HEAL,agentic_core/L1_cognition/P1_core,L1_cognition/thought_engine,Bulk Alignment
2025-12-24T17:27:04.465395,validate_generated_message.py,HIERARCHY_HEAL,agentic_core/L1_cognition/P1_core,L1_cognition/thought_engine,Bulk Alignment
2025-12-24T17:27:04.466913,validate_message_schema.py,HIERARCHY_HEAL,agentic_core/L1_cognition/P1_core,L1_cognition/thought_engine,Bulk Alignment
2025-12-24T17:27:04.467879,validate_outreach_constraints.py,HIERARCHY_HEAL,agentic_core/L1_cognition/P1_core,L1_cognition/thought_engine,Bulk Alignment
2025-12-24T17:27:04.468971,validate_resume_constraints.py,HIERARCHY_HEAL,agentic_core/L1_cognition/P1_core,L1_cognition/thought_engine,Bulk Alignment
2025-12-24T17:27:04.468971,validate_resume_schema.py,HIERARCHY_HEAL,agentic_core/L1_cognition/P1_core,L1_cognition/thought_engine,Bulk Alignment
2025-12-24T17:27:04.471975,validation_protocol.py,HIERARCHY_HEAL,agentic_core/L1_cognition/P1_core,L1_cognition/thought_engine,Bulk Alignment
2025-12-24T17:27:04.471975,weight_experience_match.py,HIERARCHY_HEAL,agentic_core/L1_cognition/P1_core,L1_cognition/thought_engine,Bulk Alignment
2025-12-24T17:27:04.475032,weight_personalization_factors.py,HIERARCHY_HEAL,agentic_core/L1_cognition/P1_core,L1_cognition/thought_engine,Bulk Alignment
2025-12-24T17:27:04.476616,config.py,HIERARCHY_HEAL,agentic_core/L1_cognition/P1_interfaces,L1_cognition/thought_engine,Bulk Alignment
2025-12-24T17:27:04.477661,execution.py,HIERARCHY_HEAL,agentic_core/L1_cognition/P1_interfaces,L1_cognition/thought_engine,Bulk Alignment
2025-12-24T17:27:04.479108,governance.py,HIERARCHY_HEAL,agentic_core/L1_cognition/P1_interfaces,L1_cognition/thought_engine,Bulk Alignment
2025-12-24T17:27:04.480079,planes.py,HIERARCHY_HEAL,agentic_core/L1_cognition/P1_interfaces,L1_cognition/thought_engine,Bulk Alignment
2025-12-24T17:27:04.481596,requests.py,HIERARCHY_HEAL,agentic_core/L1_cognition/P1_interfaces,L1_cognition/thought_engine,Bulk Alignment
2025-12-24T17:27:04.481596,constants.py,HIERARCHY_HEAL,agentic_core/L1_cognition/P2_domain,L1_cognition/thought_engine,Bulk Alignment
2025-12-24T17:27:04.484281,context.py,HIERARCHY_HEAL,agentic_core/L1_cognition/P2_domain,L1_cognition/thought_engine,Bulk Alignment
2025-12-24T17:27:04.484789,prompts.py,HIERARCHY_HEAL,agentic_core/L1_cognition/P2_domain,L1_cognition/thought_engine,Bulk Alignment
2025-12-24T17:27:04.486814,reflection_agent.py,HIERARCHY_HEAL,agentic_core/L1_cognition/P5_meta,L1_cognition/thought_engine,Bulk Alignment
2025-12-24T17:27:04.488328,capability_analyzer.py,HIERARCHY_HEAL,agentic_core/L1_cognition/planning,L1_cognition/thought_engine,Bulk Alignment
2025-12-24T17:27:04.489334,capability_analyzer_impl.py,HIERARCHY_HEAL,agentic_core/L1_cognition/planning,L1_cognition/thought_engine,Bulk Alignment
2025-12-24T17:27:04.491049,capability_analyzer_types.py,HIERARCHY_HEAL,agentic_core/L1_cognition/planning,L1_cognition/thought_engine,Bulk Alignment
2025-12-24T17:27:04.492563,dag_agent_assignment.py,HIERARCHY_HEAL,agentic_core/L1_cognition/planning,L1_cognition/thought_engine,Bulk Alignment
2025-12-24T17:27:04.493569,deprecated_agent_bus_basic.py,HIERARCHY_HEAL,agentic_core/L1_cognition/planning,L1_cognition/thought_engine,Bulk Alignment
2025-12-24T17:27:04.494542,deprecated_full_workflow.py,HIERARCHY_HEAL,agentic_core/L1_cognition/planning,L1_cognition/thought_engine,Bulk Alignment
2025-12-24T17:27:04.495091,deprecated_integration_security.py,HIERARCHY_HEAL,agentic_core/L1_cognition/planning,L1_cognition/thought_engine,Bulk Alignment
2025-12-24T17:27:04.495091,deprecated_prompt_compiler.py,HIERARCHY_HEAL,agentic_core/L1_cognition/planning,L1_cognition/thought_engine,Bulk Alignment
2025-12-24T17:27:04.498122,deprecated_runtime_core.py,HIERARCHY_HEAL,agentic_core/L1_cognition/planning,L1_cognition/thought_engine,Bulk Alignment
2025-12-24T17:27:04.500110,l5_injection_detection.py,HIERARCHY_HEAL,agentic_core/L1_cognition/planning,L1_cognition/thought_engine,Bulk Alignment
2025-12-24T17:27:04.500110,metacognition_hypothesis_generation.py,HIERARCHY_HEAL,agentic_core/L1_cognition/planning,L1_cognition/thought_engine,Bulk Alignment
2025-12-24T17:27:04.502209,runtime_final.py,HIERARCHY_HEAL,agentic_core/L1_cognition/planning,L1_cognition/thought_engine,Bulk Alignment
2025-12-24T17:27:04.503781,runtime_impl.py,HIERARCHY_HEAL,agentic_core/L1_cognition/planning,L1_cognition/thought_engine,Bulk Alignment
2025-12-24T17:27:04.503781,sandbox_microvm_basic.py,HIERARCHY_HEAL,agentic_core/L1_cognition/planning,L1_cognition/thought_engine,Bulk Alignment
2025-12-24T17:27:04.505579,sandbox_observability.py,HIERARCHY_HEAL,agentic_core/L1_cognition/planning,L1_cognition/thought_engine,Bulk Alignment
2025-12-24T17:27:04.507135,simulation_simulator.py,HIERARCHY_HEAL,agentic_core/L1_cognition/planning,L1_cognition/thought_engine,Bulk Alignment
2025-12-24T17:27:04.509632,deepwiki_client_sovereign.py,HIERARCHY_HEAL,agentic_core/L2_execution/mcp,L2_execution/tool_registry,Bulk Alignment
2025-12-24T17:27:04.510535,fetch_client_sovereign.py,HIERARCHY_HEAL,agentic_core/L2_execution/mcp,L2_execution/tool_registry,Bulk Alignment
2025-12-24T17:27:04.511343,figma_client_sovereign.py,HIERARCHY_HEAL,agentic_core/L2_execution/mcp,L2_execution/tool_registry,Bulk Alignment
2025-12-24T17:27:04.512392,achv_bullet_synthesizer.py,HIERARCHY_HEAL,agentic_core/L2_execution/P1_core,L2_execution/tool_registry,Bulk Alignment
2025-12-24T17:27:04.513398,achv_bullet_synthesizer_impl.py,HIERARCHY_HEAL,agentic_core/L2_execution/P1_core,L2_execution/tool_registry,Bulk Alignment
2025-12-24T17:27:04.514909,achv_bullet_synthesizer_types.py,HIERARCHY_HEAL,agentic_core/L2_execution/P1_core,L2_execution/tool_registry,Bulk Alignment
2025-12-24T17:27:04.514909,achv_enums.py,HIERARCHY_HEAL,agentic_core/L2_execution/P1_core,L2_execution/tool_registry,Bulk Alignment
2025-12-24T17:27:04.514909,achv_models.py,HIERARCHY_HEAL,agentic_core/L2_execution/P1_core,L2_execution/tool_registry,Bulk Alignment
2025-12-24T17:27:04.519087,action_call_generator.py,HIERARCHY_HEAL,agentic_core/L2_execution/P1_core,L2_execution/tool_registry,Bulk Alignment
2025-12-24T17:27:04.520132,apply_clerk_extraction.py,HIERARCHY_HEAL,agentic_core/L2_execution/P1_core,L2_execution/tool_registry,Bulk Alignment
2025-12-24T17:27:04.521935,apply_data_enrichment.py,HIERARCHY_HEAL,agentic_core/L2_execution/P1_core,L2_execution/tool_registry,Bulk Alignment
2025-12-24T17:27:04.522811,apply_lic_execution_safety.py,HIERARCHY_HEAL,agentic_core/L2_execution/P1_core,L2_execution/tool_registry,Bulk Alignment
2025-12-24T17:27:04.524339,apply_rg_execution_safety.py,HIERARCHY_HEAL,agentic_core/L2_execution/P1_core,L2_execution/tool_registry,Bulk Alignment
2025-12-24T17:27:04.525349,apply_staging_buffer.py,HIERARCHY_HEAL,agentic_core/L2_execution/P1_core,L2_execution/tool_registry,Bulk Alignment
2025-12-24T17:27:04.527075,apply_verb_canonicalization.py,HIERARCHY_HEAL,agentic_core/L2_execution/P1_core,L2_execution/tool_registry,Bulk Alignment
2025-12-24T17:27:04.527377,assess_execution_relevance.py,HIERARCHY_HEAL,agentic_core/L2_execution/P1_core,L2_execution/tool_registry,Bulk Alignment
2025-12-24T17:27:04.528900,campaign_rag.py,HIERARCHY_HEAL,agentic_core/L2_execution/P1_core,L2_execution/tool_registry,Bulk Alignment
2025-12-24T17:27:04.529422,compute_text_similarity.py,HIERARCHY_HEAL,agentic_core/L2_execution/P1_core,L2_execution/tool_registry,Bulk Alignment
2025-12-24T17:27:04.530956,compute_word_count.py,HIERARCHY_HEAL,agentic_core/L2_execution/P1_core,L2_execution/tool_registry,Bulk Alignment
2025-12-24T17:27:04.532070,data_models.py,HIERARCHY_HEAL,agentic_core/L2_execution/P1_core,L2_execution/tool_registry,Bulk Alignment
2025-12-24T17:27:04.532070,data_models_enums.py,HIERARCHY_HEAL,agentic_core/L2_execution/P1_core,L2_execution/tool_registry,Bulk Alignment
2025-12-24T17:27:04.533588,data_models_enums_enums.py,HIERARCHY_HEAL,agentic_core/L2_execution/P1_core,L2_execution/tool_registry,Bulk Alignment
2025-12-24T17:27:04.534645,data_models_enums_enums_enums.py,HIERARCHY_HEAL,agentic_core/L2_execution/P1_core,L2_execution/tool_registry,Bulk Alignment
2025-12-24T17:27:04.536707,data_models_models.py,HIERARCHY_HEAL,agentic_core/L2_execution/P1_core,L2_execution/tool_registry,Bulk Alignment
2025-12-24T17:27:04.536707,deterministic_sanitizer.py,HIERARCHY_HEAL,agentic_core/L2_execution/P1_core,L2_execution/tool_registry,Bulk Alignment
2025-12-24T17:27:04.538220,enforce_execution_policy.py,HIERARCHY_HEAL,agentic_core/L2_execution/P1_core,L2_execution/tool_registry,Bulk Alignment
2025-12-24T17:27:04.539277,enums_final.py,HIERARCHY_HEAL,agentic_core/L2_execution/P1_core,L2_execution/tool_registry,Bulk Alignment
2025-12-24T17:27:04.540309,enums_final_enums.py,HIERARCHY_HEAL,agentic_core/L2_execution/P1_core,L2_execution/tool_registry,Bulk Alignment
2025-12-24T17:27:04.542307,enums_final_enums_enums.py,HIERARCHY_HEAL,agentic_core/L2_execution/P1_core,L2_execution/tool_registry,Bulk Alignment
2025-12-24T17:27:04.543670,execute_message_generation.py,HIERARCHY_HEAL,agentic_core/L2_execution/P1_core,L2_execution/tool_registry,Bulk Alignment
2025-12-24T17:27:04.544676,execute_resume_generation.py,HIERARCHY_HEAL,agentic_core/L2_execution/P1_core,L2_execution/tool_registry,Bulk Alignment
2025-12-24T17:27:04.546184,executive_title_composer.py,HIERARCHY_HEAL,agentic_core/L2_execution/P1_core,L2_execution/tool_registry,Bulk Alignment
2025-12-24T17:27:04.546903,format_llm_prompt.py,HIERARCHY_HEAL,agentic_core/L2_execution/P1_core,L2_execution/tool_registry,Bulk Alignment
2025-12-24T17:27:04.548303,format_personalization_prompt.py,HIERARCHY_HEAL,agentic_core/L2_execution/P1_core,L2_execution/tool_registry,Bulk Alignment
2025-12-24T17:27:04.550486,git_agent.py,HIERARCHY_HEAL,agentic_core/L2_execution/P1_core,L2_execution/tool_registry,Bulk Alignment
2025-12-24T17:27:04.551999,integrity_gate_executor.py,HIERARCHY_HEAL,agentic_core/L2_execution/P1_core,L2_execution/tool_registry,Bulk Alignment
2025-12-24T17:27:04.551999,job_analyzer.py,HIERARCHY_HEAL,agentic_core/L2_execution/P1_core,L2_execution/tool_registry,Bulk Alignment
2025-12-24T17:27:04.554123,l5_integrity_gate_executor.py,HIERARCHY_HEAL,agentic_core/L2_execution/P1_core,L2_execution/tool_registry,Bulk Alignment
2025-12-24T17:27:04.555353,lic_code_interpreter.py,HIERARCHY_HEAL,agentic_core/L2_execution/P1_core,L2_execution/tool_registry,Bulk Alignment
2025-12-24T17:27:04.556362,lic_code_interpreter_types.py,HIERARCHY_HEAL,agentic_core/L2_execution/P1_core,L2_execution/tool_registry,Bulk Alignment
2025-12-24T17:27:04.557871,lic_company_research_executor.py,HIERARCHY_HEAL,agentic_core/L2_execution/P1_core,L2_execution/tool_registry,Bulk Alignment
2025-12-24T17:27:04.559431,lic_contact_research_executor.py,HIERARCHY_HEAL,agentic_core/L2_execution/P1_core,L2_execution/tool_registry,Bulk Alignment
2025-12-24T17:27:04.560469,message_assembler.py,HIERARCHY_HEAL,agentic_core/L2_execution/P1_core,L2_execution/tool_registry,Bulk Alignment
2025-12-24T17:27:04.561482,message_assembler_types.py,HIERARCHY_HEAL,agentic_core/L2_execution/P1_core,L2_execution/tool_registry,Bulk Alignment
2025-12-24T17:27:04.563320,message_body_composer.py,HIERARCHY_HEAL,agentic_core/L2_execution/P1_core,L2_execution/tool_registry,Bulk Alignment
2025-12-24T17:27:04.565234,peer_intelligence_auditor.py,HIERARCHY_HEAL,agentic_core/L2_execution/P1_core,L2_execution/tool_registry,Bulk Alignment
2025-12-24T17:27:04.565234,peer_intelligence_auditor_impl.py,HIERARCHY_HEAL,agentic_core/L2_execution/P1_core,L2_execution/tool_registry,Bulk Alignment
2025-12-24T17:27:04.568569,peer_intelligence_auditor_types.py,HIERARCHY_HEAL,agentic_core/L2_execution/P1_core,L2_execution/tool_registry,Bulk Alignment
2025-12-24T17:27:04.569120,prepare_generation_payload.py,HIERARCHY_HEAL,agentic_core/L2_execution/P1_core,L2_execution/tool_registry,Bulk Alignment
2025-12-24T17:27:04.571714,prepare_message_payload.py,HIERARCHY_HEAL,agentic_core/L2_execution/P1_core,L2_execution/tool_registry,Bulk Alignment
2025-12-24T17:27:04.572948,profile_validator.py,HIERARCHY_HEAL,agentic_core/L2_execution/P1_core,L2_execution/tool_registry,Bulk Alignment
2025-12-24T17:27:04.574454,rag_final.py,HIERARCHY_HEAL,agentic_core/L2_execution/P1_core,L2_execution/tool_registry,Bulk Alignment
2025-12-24T17:27:04.576254,resume_generator.py,HIERARCHY_HEAL,agentic_core/L2_execution/P1_core,L2_execution/tool_registry,Bulk Alignment
2025-12-24T17:27:04.577378,rg_company_research_executor.py,HIERARCHY_HEAL,agentic_core/L2_execution/P1_core,L2_execution/tool_registry,Bulk Alignment
2025-12-24T17:27:04.578433,rg_contact_research_executor.py,HIERARCHY_HEAL,agentic_core/L2_execution/P1_core,L2_execution/tool_registry,Bulk Alignment
2025-12-24T17:27:04.581866,rg_message_generation_executor.py,HIERARCHY_HEAL,agentic_core/L2_execution/P1_core,L2_execution/tool_registry,Bulk Alignment
2025-12-24T17:27:04.583954,rg_provenance_tracker.py,HIERARCHY_HEAL,agentic_core/L2_execution/P1_core,L2_execution/tool_registry,Bulk Alignment
2025-12-24T17:27:04.584523,rg_provenance_tracker_types.py,HIERARCHY_HEAL,agentic_core/L2_execution/P1_core,L2_execution/tool_registry,Bulk Alignment
2025-12-24T17:27:04.586643,route_classifier.py,HIERARCHY_HEAL,agentic_core/L2_execution/P1_core,L2_execution/tool_registry,Bulk Alignment
2025-12-24T17:27:04.588146,route_classifier_types.py,HIERARCHY_HEAL,agentic_core/L2_execution/P1_core,L2_execution/tool_registry,Bulk Alignment
2025-12-24T17:27:04.588691,sandbox.py,HIERARCHY_HEAL,agentic_core/L2_execution/P1_core,L2_execution/tool_registry,Bulk Alignment
2025-12-24T17:27:04.590255,section_scope_integrator.py,HIERARCHY_HEAL,agentic_core/L2_execution/P1_core,L2_execution/tool_registry,Bulk Alignment
2025-12-24T17:27:04.592271,serialize_data.py,HIERARCHY_HEAL,agentic_core/L2_execution/P1_core,L2_execution/tool_registry,Bulk Alignment
2025-12-24T17:27:04.593760,sovereign_action_plane.py,HIERARCHY_HEAL,agentic_core/L2_execution/P1_core,L2_execution/tool_registry,Bulk Alignment
2025-12-24T17:27:04.595217,specificity_prose_engine.py,HIERARCHY_HEAL,agentic_core/L2_execution/P1_core,L2_execution/tool_registry,Bulk Alignment
2025-12-24T17:27:04.596224,state_manager.py,HIERARCHY_HEAL,agentic_core/L2_execution/P1_core,L2_execution/tool_registry,Bulk Alignment
2025-12-24T17:27:04.598706,strategist_biowriter.py,HIERARCHY_HEAL,agentic_core/L2_execution/P1_core,L2_execution/tool_registry,Bulk Alignment
2025-12-24T17:27:04.600216,structured_engine.py,HIERARCHY_HEAL,agentic_core/L2_execution/P1_core,L2_execution/tool_registry,Bulk Alignment
2025-12-24T17:27:04.602302,toolsmith_agent.py,HIERARCHY_HEAL,agentic_core/L2_execution/P1_core,L2_execution/tool_registry,Bulk Alignment
2025-12-24T17:27:04.603360,tool_registry.py,HIERARCHY_HEAL,agentic_core/L2_execution/P1_core,L2_execution/tool_registry,Bulk Alignment
2025-12-24T17:27:04.603935,tracker_final.py,HIERARCHY_HEAL,agentic_core/L2_execution/P1_core,L2_execution/tool_registry,Bulk Alignment
2025-12-24T17:27:04.607198,tracker_impl.py,HIERARCHY_HEAL,agentic_core/L2_execution/P1_core,L2_execution/tool_registry,Bulk Alignment
2025-12-24T17:27:04.608829,track_lic_state.py,HIERARCHY_HEAL,agentic_core/L2_execution/P1_core,L2_execution/tool_registry,Bulk Alignment
2025-12-24T17:27:04.609380,track_lic_state_types.py,HIERARCHY_HEAL,agentic_core/L2_execution/P1_core,L2_execution/tool_registry,Bulk Alignment
2025-12-24T17:27:04.611389,utils.py,HIERARCHY_HEAL,agentic_core/L2_execution/P1_core,L2_execution/tool_registry,Bulk Alignment
2025-12-24T17:27:04.612513,validator_final.py,HIERARCHY_HEAL,agentic_core/L2_execution/P1_core,L2_execution/tool_registry,Bulk Alignment
2025-12-24T17:27:04.614169,analysis_ops.py,HIERARCHY_HEAL,agentic_core/L2_execution/P2_tools,L2_execution/tool_registry,Bulk Alignment
2025-12-24T17:27:04.615179,definitions.py,HIERARCHY_HEAL,agentic_core/L2_execution/P2_tools,L2_execution/tool_registry,Bulk Alignment
2025-12-24T17:27:04.615179,execution.py,HIERARCHY_HEAL,agentic_core/L2_execution/P2_tools,L2_execution/tool_registry,Bulk Alignment
2025-12-24T17:27:04.618698,filesystem.py,HIERARCHY_HEAL,agentic_core/L2_execution/P2_tools,L2_execution/tool_registry,Bulk Alignment
2025-12-24T17:27:04.620734,namespace_medic.py,HIERARCHY_HEAL,agentic_core/L2_execution/P2_tools,L2_execution/tool_registry,Bulk Alignment
2025-12-24T17:27:04.622027,network_ops.py,HIERARCHY_HEAL,agentic_core/L2_execution/P2_tools,L2_execution/tool_registry,Bulk Alignment
2025-12-24T17:27:04.623037,pinecone_assistant.py,HIERARCHY_HEAL,agentic_core/L2_execution/P2_tools,L2_execution/tool_registry,Bulk Alignment
2025-12-24T17:27:04.624547,registry.py,HIERARCHY_HEAL,agentic_core/L2_execution/P2_tools,L2_execution/tool_registry,Bulk Alignment
2025-12-24T17:27:04.625889,sprawl_inspector.py,HIERARCHY_HEAL,agentic_core/L2_execution/P2_tools,L2_execution/tool_registry,Bulk Alignment
2025-12-24T17:27:04.627362,outreach_engine_zse.py,HIERARCHY_HEAL,agentic_core/L2_execution/P3_engines,L2_execution/tool_registry,Bulk Alignment
2025-12-24T17:27:04.628884,resume_engine_zlg.py,HIERARCHY_HEAL,agentic_core/L2_execution/P3_engines,L2_execution/tool_registry,Bulk Alignment
2025-12-24T17:27:04.630436,base.py,HIERARCHY_HEAL,agentic_core/L2_execution/P4_agents,L2_execution/tool_registry,Bulk Alignment
2025-12-24T17:27:04.632438,canon_base_agent.py,HIERARCHY_HEAL,agentic_core/L2_execution/P4_agents,L2_execution/tool_registry,Bulk Alignment
2025-12-24T17:27:04.634590,code_janitor.py,HIERARCHY_HEAL,agentic_core/L2_execution/P4_agents,L2_execution/tool_registry,Bulk Alignment
2025-12-24T17:27:04.636138,concurrency.py,HIERARCHY_HEAL,agentic_core/L2_execution/P4_agents,L2_execution/tool_registry,Bulk Alignment
2025-12-24T17:27:04.637739,context.py,HIERARCHY_HEAL,agentic_core/L2_execution/P4_agents,L2_execution/tool_registry,Bulk Alignment
2025-12-24T17:27:04.638724,context_curator.py,HIERARCHY_HEAL,agentic_core/L2_execution/P4_agents,L2_execution/tool_registry,Bulk Alignment
2025-12-24T17:27:04.640232,debugger_agent.py,HIERARCHY_HEAL,agentic_core/L2_execution/P4_agents,L2_execution/tool_registry,Bulk Alignment
2025-12-24T17:27:04.641238,dependency_diplomat.py,HIERARCHY_HEAL,agentic_core/L2_execution/P4_agents,L2_execution/tool_registry,Bulk Alignment
2025-12-24T17:27:04.642752,dynamic_model_router.py,HIERARCHY_HEAL,agentic_core/L2_execution/P4_agents,L2_execution/tool_registry,Bulk Alignment
2025-12-24T17:27:04.643271,engineering.py,HIERARCHY_HEAL,agentic_core/L2_execution/P4_agents,L2_execution/tool_registry,Bulk Alignment
2025-12-24T17:27:04.644823,governance.py,HIERARCHY_HEAL,agentic_core/L2_execution/P4_agents,L2_execution/tool_registry,Bulk Alignment
2025-12-24T17:27:04.644823,hallucination_hunter.py,HIERARCHY_HEAL,agentic_core/L2_execution/P4_agents,L2_execution/tool_registry,Bulk Alignment
2025-12-24T17:27:04.647890,healer_agent.py,HIERARCHY_HEAL,agentic_core/L2_execution/P4_agents,L2_execution/tool_registry,Bulk Alignment
2025-12-24T17:27:04.648642,hygiene_guardian.py,HIERARCHY_HEAL,agentic_core/L2_execution/P4_agents,L2_execution/tool_registry,Bulk Alignment
2025-12-24T17:27:04.650153,infrastructure.py,HIERARCHY_HEAL,agentic_core/L2_execution/P4_agents,L2_execution/tool_registry,Bulk Alignment
2025-12-24T17:27:04.652302,memory_architect.py,HIERARCHY_HEAL,agentic_core/L2_execution/P4_agents,L2_execution/tool_registry,Bulk Alignment
2025-12-24T17:27:04.653885,planning.py,HIERARCHY_HEAL,agentic_core/L2_execution/P4_agents,L2_execution/tool_registry,Bulk Alignment
2025-12-24T17:27:04.655431,predictive_cost_auditor.py,HIERARCHY_HEAL,agentic_core/L2_execution/P4_agents,L2_execution/tool_registry,Bulk Alignment
2025-12-24T17:27:04.656684,regression_oracle.py,HIERARCHY_HEAL,agentic_core/L2_execution/P4_agents,L2_execution/tool_registry,Bulk Alignment
2025-12-24T17:27:04.658039,repair.py,HIERARCHY_HEAL,agentic_core/L2_execution/P4_agents,L2_execution/tool_registry,Bulk Alignment
2025-12-24T17:27:04.659569,schema_evolver.py,HIERARCHY_HEAL,agentic_core/L2_execution/P4_agents,L2_execution/tool_registry,Bulk Alignment
2025-12-24T17:27:04.660651,security.py,HIERARCHY_HEAL,agentic_core/L2_execution/P4_agents,L2_execution/tool_registry,Bulk Alignment
2025-12-24T17:27:04.661650,specialized.py,HIERARCHY_HEAL,agentic_core/L2_execution/P4_agents,L2_execution/tool_registry,Bulk Alignment
2025-12-24T17:27:04.663470,system_architect.py,HIERARCHY_HEAL,agentic_core/L2_execution/P4_agents,L2_execution/tool_registry,Bulk Alignment
2025-12-24T17:27:04.664687,test_generator_agent.py,HIERARCHY_HEAL,agentic_core/L2_execution/P4_agents,L2_execution/tool_registry,Bulk Alignment
2025-12-24T17:27:04.665257,structural_engineer.py,HIERARCHY_HEAL,agentic_core/L2_execution/P5_healing,L2_execution/tool_registry,Bulk Alignment
2025-12-24T17:27:04.668736,ephemeral_vm.py,HIERARCHY_HEAL,agentic_core/L2_execution/sandbox,L2_execution/tool_registry,Bulk Alignment
2025-12-24T17:27:04.670377,firecracker_manager.py,HIERARCHY_HEAL,agentic_core/L2_execution/sandbox,L2_execution/tool_registry,Bulk Alignment
2025-12-24T17:27:04.672492,firecracker_manager_impl.py,HIERARCHY_HEAL,agentic_core/L2_execution/sandbox,L2_execution/tool_registry,Bulk Alignment
2025-12-24T17:27:04.673978,firecracker_manager_types.py,HIERARCHY_HEAL,agentic_core/L2_execution/sandbox,L2_execution/tool_registry,Bulk Alignment
2025-12-24T17:27:04.676147,core_executor.py,HIERARCHY_HEAL,agentic_core/L2_execution/tools,L2_execution/tool_registry,Bulk Alignment
2025-12-24T17:27:04.677232,fallback_manager.py,HIERARCHY_HEAL,agentic_core/L2_execution/tools,L2_execution/tool_registry,Bulk Alignment
2025-12-24T17:27:04.678921,file_io_tools.py,HIERARCHY_HEAL,agentic_core/L2_execution/tools,L2_execution/tool_registry,Bulk Alignment
2025-12-24T17:27:04.681098,git_tools.py,HIERARCHY_HEAL,agentic_core/L2_execution/tools,L2_execution/tool_registry,Bulk Alignment
2025-12-24T17:27:04.683602,mcp_stubs.py,HIERARCHY_HEAL,agentic_core/L2_execution/tools,L2_execution/tool_registry,Bulk Alignment
2025-12-24T17:27:04.684654,redis_cache_tools.py,HIERARCHY_HEAL,agentic_core/L2_execution/tools,L2_execution/tool_registry,Bulk Alignment
2025-12-24T17:27:04.687872,sandbox_models.py,HIERARCHY_HEAL,agentic_core/L2_execution/tools,L2_execution/tool_registry,Bulk Alignment
2025-12-24T17:27:04.689276,sandbox_timeout.py,HIERARCHY_HEAL,agentic_core/L2_execution/tools,L2_execution/tool_registry,Bulk Alignment
2025-12-24T17:27:04.690284,sandbox_vm_integration.py,HIERARCHY_HEAL,agentic_core/L2_execution/tools,L2_execution/tool_registry,Bulk Alignment
2025-12-24T17:27:04.692159,sandbox_vm_manager.py,HIERARCHY_HEAL,agentic_core/L2_execution/tools,L2_execution/tool_registry,Bulk Alignment
2025-12-24T17:27:04.693725,secure_tools.py,HIERARCHY_HEAL,agentic_core/L2_execution/tools,L2_execution/tool_registry,Bulk Alignment
2025-12-24T17:27:04.694801,time_tools.py,HIERARCHY_HEAL,agentic_core/L2_execution/tools,L2_execution/tool_registry,Bulk Alignment
2025-12-24T17:27:04.697030,web_search_tools.py,HIERARCHY_HEAL,agentic_core/L2_execution/tools,L2_execution/tool_registry,Bulk Alignment
2025-12-24T17:27:04.700215,dag_executor.py,HIERARCHY_HEAL,agentic_core/L3_orchestration/framework,L3_orchestration/workflow_engines,Bulk Alignment
2025-12-24T17:27:04.702393,semantic_territory_mapper_agent.py,HIERARCHY_HEAL,agentic_core/L3_orchestration/healing,L3_orchestration/workflow_engines,Bulk Alignment
2025-12-24T17:27:04.704006,territory_healer_agent.py,HIERARCHY_HEAL,agentic_core/L3_orchestration/healing,L3_orchestration/workflow_engines,Bulk Alignment
2025-12-24T17:27:04.705038,autonomic_monitor.py,HIERARCHY_HEAL,agentic_core/L3_orchestration/health,L3_orchestration/workflow_engines,Bulk Alignment
2025-12-24T17:27:04.707092,autonomic_monitor_impl.py,HIERARCHY_HEAL,agentic_core/L3_orchestration/health,L3_orchestration/workflow_engines,Bulk Alignment
2025-12-24T17:27:04.708745,autonomic_monitor_types.py,HIERARCHY_HEAL,agentic_core/L3_orchestration/health,L3_orchestration/workflow_engines,Bulk Alignment
2025-12-24T17:27:04.709856,benchmarking_agent.py,HIERARCHY_HEAL,agentic_core/L3_orchestration/health,L3_orchestration/workflow_engines,Bulk Alignment
2025-12-24T17:27:04.711415,deadlock_detector.py,HIERARCHY_HEAL,agentic_core/L3_orchestration/health,L3_orchestration/workflow_engines,Bulk Alignment
2025-12-24T17:27:04.713139,memory_leak_detector.py,HIERARCHY_HEAL,agentic_core/L3_orchestration/health,L3_orchestration/workflow_engines,Bulk Alignment
2025-12-24T17:27:04.715361,mcp_manager.py,HIERARCHY_HEAL,agentic_core/L3_orchestration/mcp,L3_orchestration/workflow_engines,Bulk Alignment
2025-12-24T17:27:04.717848,mcp_marketplace_sovereign.py,HIERARCHY_HEAL,agentic_core/L3_orchestration/mcp,L3_orchestration/workflow_engines,Bulk Alignment
2025-12-24T17:27:04.720423,mcp_router_sovereign.py,HIERARCHY_HEAL,agentic_core/L3_orchestration/mcp,L3_orchestration/workflow_engines,Bulk Alignment
2025-12-24T17:27:04.721787,agent_registry_validator_agent.py,HIERARCHY_HEAL,agentic_core/L3_orchestration/P1_core,L3_orchestration/workflow_engines,Bulk Alignment
2025-12-24T17:27:04.724402,architecture_governor.py,HIERARCHY_HEAL,agentic_core/L3_orchestration/P1_core,L3_orchestration/workflow_engines,Bulk Alignment
2025-12-24T17:27:04.725966,call_formatting_api.py,HIERARCHY_HEAL,agentic_core/L3_orchestration/P1_core,L3_orchestration/workflow_engines,Bulk Alignment
2025-12-24T17:27:04.727556,call_personalization_api.py,HIERARCHY_HEAL,agentic_core/L3_orchestration/P1_core,L3_orchestration/workflow_engines,Bulk Alignment
2025-12-24T17:27:04.728614,campaign_final.py,HIERARCHY_HEAL,agentic_core/L3_orchestration/P1_core,L3_orchestration/workflow_engines,Bulk Alignment
2025-12-24T17:27:04.730177,campaign_guardrails.py,HIERARCHY_HEAL,agentic_core/L3_orchestration/P1_core,L3_orchestration/workflow_engines,Bulk Alignment
2025-12-24T17:27:04.732007,canon_scheduler.py,HIERARCHY_HEAL,agentic_core/L3_orchestration/P1_core,L3_orchestration/workflow_engines,Bulk Alignment
2025-12-24T17:27:04.734117,check_hallucination.py,HIERARCHY_HEAL,agentic_core/L3_orchestration/P1_core,L3_orchestration/workflow_engines,Bulk Alignment
2025-12-24T17:27:04.735704,context_curator.py,HIERARCHY_HEAL,agentic_core/L3_orchestration/P1_core,L3_orchestration/workflow_engines,Bulk Alignment
2025-12-24T17:27:04.736845,context_curator_impl.py,HIERARCHY_HEAL,agentic_core/L3_orchestration/P1_core,L3_orchestration/workflow_engines,Bulk Alignment
2025-12-24T17:27:04.739135,context_curator_types.py,HIERARCHY_HEAL,agentic_core/L3_orchestration/P1_core,L3_orchestration/workflow_engines,Bulk Alignment
2025-12-24T17:27:04.740664,conversational_repair.py,HIERARCHY_HEAL,agentic_core/L3_orchestration/P1_core,L3_orchestration/workflow_engines,Bulk Alignment
2025-12-24T17:27:04.742736,dag_engine.py,HIERARCHY_HEAL,agentic_core/L3_orchestration/P1_core,L3_orchestration/workflow_engines,Bulk Alignment
2025-12-24T17:27:04.743246,dead_code_pruner_agent.py,HIERARCHY_HEAL,agentic_core/L3_orchestration/P1_core,L3_orchestration/workflow_engines,Bulk Alignment
2025-12-24T17:27:04.745818,dispatch_outreach_tools.py,HIERARCHY_HEAL,agentic_core/L3_orchestration/P1_core,L3_orchestration/workflow_engines,Bulk Alignment
2025-12-24T17:27:04.746865,dispatch_resume_tools.py,HIERARCHY_HEAL,agentic_core/L3_orchestration/P1_core,L3_orchestration/workflow_engines,Bulk Alignment
2025-12-24T17:27:04.748671,enforce_orchestration_policy.py,HIERARCHY_HEAL,agentic_core/L3_orchestration/P1_core,L3_orchestration/workflow_engines,Bulk Alignment
2025-12-24T17:27:04.751934,fission_executor.py,HIERARCHY_HEAL,agentic_core/L3_orchestration/P1_core,L3_orchestration/workflow_engines,Bulk Alignment
2025-12-24T17:27:04.752522,gatekeeper.py,HIERARCHY_HEAL,agentic_core/L3_orchestration/P1_core,L3_orchestration/workflow_engines,Bulk Alignment
2025-12-24T17:27:04.754133,guardrails_final.py,HIERARCHY_HEAL,agentic_core/L3_orchestration/P1_core,L3_orchestration/workflow_engines,Bulk Alignment
2025-12-24T17:27:04.756635,hardened_orchestrator.py,HIERARCHY_HEAL,agentic_core/L3_orchestration/P1_core,L3_orchestration/workflow_engines,Bulk Alignment
2025-12-24T17:27:04.758419,hardened_orchestrator_wrapper.py,HIERARCHY_HEAL,agentic_core/L3_orchestration/P1_core,L3_orchestration/workflow_engines,Bulk Alignment
2025-12-24T17:27:04.759938,intervention_server.py,HIERARCHY_HEAL,agentic_core/L3_orchestration/P1_core,L3_orchestration/workflow_engines,Bulk Alignment
2025-12-24T17:27:04.761798,invoke_generation_service.py,HIERARCHY_HEAL,agentic_core/L3_orchestration/P1_core,L3_orchestration/workflow_engines,Bulk Alignment
2025-12-24T17:27:04.763631,invoke_message_service.py,HIERARCHY_HEAL,agentic_core/L3_orchestration/P1_core,L3_orchestration/workflow_engines,Bulk Alignment
2025-12-24T17:27:04.765416,kx_nodes_outreach.py,HIERARCHY_HEAL,agentic_core/L3_orchestration/P1_core,L3_orchestration/workflow_engines,Bulk Alignment
2025-12-24T17:27:04.767452,kx_nodes_outreach_types.py,HIERARCHY_HEAL,agentic_core/L3_orchestration/P1_core,L3_orchestration/workflow_engines,Bulk Alignment
2025-12-24T17:27:04.769037,kx_nodes_resume.py,HIERARCHY_HEAL,agentic_core/L3_orchestration/P1_core,L3_orchestration/workflow_engines,Bulk Alignment
2025-12-24T17:27:04.770995,kx_nodes_resume_types.py,HIERARCHY_HEAL,agentic_core/L3_orchestration/P1_core,L3_orchestration/workflow_engines,Bulk Alignment
2025-12-24T17:27:04.772110,l5_autonomous_orchestrator_wrapper.py,HIERARCHY_HEAL,agentic_core/L3_orchestration/P1_core,L3_orchestration/workflow_engines,Bulk Alignment
2025-12-24T17:27:04.773118,log_orchestration_metrics.py,HIERARCHY_HEAL,agentic_core/L3_orchestration/P1_core,L3_orchestration/workflow_engines,Bulk Alignment
2025-12-24T17:27:04.775100,mission_runner.py,HIERARCHY_HEAL,agentic_core/L3_orchestration/P1_core,L3_orchestration/workflow_engines,Bulk Alignment
2025-12-24T17:27:04.776180,model_router.py,HIERARCHY_HEAL,agentic_core/L3_orchestration/P1_core,L3_orchestration/workflow_engines,Bulk Alignment
2025-12-24T17:27:04.777796,model_router_impl.py,HIERARCHY_HEAL,agentic_core/L3_orchestration/P1_core,L3_orchestration/workflow_engines,Bulk Alignment
2025-12-24T17:27:04.778906,model_router_types.py,HIERARCHY_HEAL,agentic_core/L3_orchestration/P1_core,L3_orchestration/workflow_engines,Bulk Alignment
2025-12-24T17:27:04.780330,nervous_system.py,HIERARCHY_HEAL,agentic_core/L3_orchestration/P1_core,L3_orchestration/workflow_engines,Bulk Alignment
2025-12-24T17:27:04.780330,orchestrate_resume.py,HIERARCHY_HEAL,agentic_core/L3_orchestration/P1_core,L3_orchestration/workflow_engines,Bulk Alignment
2025-12-24T17:27:04.783297,orchestrate_workflow.py,HIERARCHY_HEAL,agentic_core/L3_orchestration/P1_core,L3_orchestration/workflow_engines,Bulk Alignment
2025-12-24T17:27:04.784415,orchestrate_workflow_types.py,HIERARCHY_HEAL,agentic_core/L3_orchestration/P1_core,L3_orchestration/workflow_engines,Bulk Alignment
2025-12-24T17:27:04.785971,orchestrate_workflow_types_enums.py,HIERARCHY_HEAL,agentic_core/L3_orchestration/P1_core,L3_orchestration/workflow_engines,Bulk Alignment
2025-12-24T17:27:04.786991,orchestrate_workflow_types_models.py,HIERARCHY_HEAL,agentic_core/L3_orchestration/P1_core,L3_orchestration/workflow_engines,Bulk Alignment
2025-12-24T17:27:04.788566,orchestration_types.py,HIERARCHY_HEAL,agentic_core/L3_orchestration/P1_core,L3_orchestration/workflow_engines,Bulk Alignment
2025-12-24T17:27:04.788566,outreach_orchestration_config.py,HIERARCHY_HEAL,agentic_core/L3_orchestration/P1_core,L3_orchestration/workflow_engines,Bulk Alignment
2025-12-24T17:27:04.790863,outreach_orchestration_config_enums.py,HIERARCHY_HEAL,agentic_core/L3_orchestration/P1_core,L3_orchestration/workflow_engines,Bulk Alignment
2025-12-24T17:27:04.792346,outreach_orchestration_config_models.py,HIERARCHY_HEAL,agentic_core/L3_orchestration/P1_core,L3_orchestration/workflow_engines,Bulk Alignment
2025-12-24T17:27:04.793355,proactive_auditor.py,HIERARCHY_HEAL,agentic_core/L3_orchestration/P1_core,L3_orchestration/workflow_engines,Bulk Alignment
2025-12-24T17:27:04.793355,prompt_injection.py,HIERARCHY_HEAL,agentic_core/L3_orchestration/P1_core,L3_orchestration/workflow_engines,Bulk Alignment
2025-12-24T17:27:04.794905,recursive_agent.py,HIERARCHY_HEAL,agentic_core/L3_orchestration/P1_core,L3_orchestration/workflow_engines,Bulk Alignment
2025-12-24T17:27:04.796664,recursive_span_healer_agent.py,HIERARCHY_HEAL,agentic_core/L3_orchestration/P1_core,L3_orchestration/workflow_engines,Bulk Alignment
2025-12-24T17:27:04.797515,resume_orchestration_config.py,HIERARCHY_HEAL,agentic_core/L3_orchestration/P1_core,L3_orchestration/workflow_engines,Bulk Alignment
2025-12-24T17:27:04.798523,resume_orchestration_config_types.py,HIERARCHY_HEAL,agentic_core/L3_orchestration/P1_core,L3_orchestration/workflow_engines,Bulk Alignment
2025-12-24T17:27:04.800153,resume_orchestration_config_types_enums.py,HIERARCHY_HEAL,agentic_core/L3_orchestration/P1_core,L3_orchestration/workflow_engines,Bulk Alignment
2025-12-24T17:27:04.801687,resume_orchestration_config_types_models.py,HIERARCHY_HEAL,agentic_core/L3_orchestration/P1_core,L3_orchestration/workflow_engines,Bulk Alignment
2025-12-24T17:27:04.802235,resume_state.py,HIERARCHY_HEAL,agentic_core/L3_orchestration/P1_core,L3_orchestration/workflow_engines,Bulk Alignment
2025-12-24T17:27:04.803791,scripts_consolidator_agent.py,HIERARCHY_HEAL,agentic_core/L3_orchestration/P1_core,L3_orchestration/workflow_engines,Bulk Alignment
2025-12-24T17:27:04.805469,state_final.py,HIERARCHY_HEAL,agentic_core/L3_orchestration/P1_core,L3_orchestration/workflow_engines,Bulk Alignment
2025-12-24T17:27:04.806627,subatomic_orchestrator.py,HIERARCHY_HEAL,agentic_core/L3_orchestration/P1_core,L3_orchestration/workflow_engines,Bulk Alignment
2025-12-24T17:27:04.807647,subatomic_orchestrator_impl.py,HIERARCHY_HEAL,agentic_core/L3_orchestration/P1_core,L3_orchestration/workflow_engines,Bulk Alignment
2025-12-24T17:27:04.808670,subatomic_orchestrator_types.py,HIERARCHY_HEAL,agentic_core/L3_orchestration/P1_core,L3_orchestration/workflow_engines,Bulk Alignment
2025-12-24T17:27:04.809757,swarm_scheduler.py,HIERARCHY_HEAL,agentic_core/L3_orchestration/P1_core,L3_orchestration/workflow_engines,Bulk Alignment
2025-12-24T17:27:04.830186,telepathy.py,HIERARCHY_HEAL,agentic_core/L3_orchestration/P1_core,L3_orchestration/workflow_engines,Bulk Alignment
2025-12-24T17:27:04.831981,test_pilot.py,HIERARCHY_HEAL,agentic_core/L3_orchestration/P1_core,L3_orchestration/workflow_engines,Bulk Alignment
2025-12-24T17:27:04.833770,think_act_observe.py,HIERARCHY_HEAL,agentic_core/L3_orchestration/P1_core,L3_orchestration/workflow_engines,Bulk Alignment
2025-12-24T17:27:04.834832,titanium_final.py,HIERARCHY_HEAL,agentic_core/L3_orchestration/P1_core,L3_orchestration/workflow_engines,Bulk Alignment
2025-12-24T17:27:04.836442,titanium_integration.py,HIERARCHY_HEAL,agentic_core/L3_orchestration/P1_core,L3_orchestration/workflow_engines,Bulk Alignment
2025-12-24T17:27:04.836442,toolbox.py,HIERARCHY_HEAL,agentic_core/L3_orchestration/P1_core,L3_orchestration/workflow_engines,Bulk Alignment
2025-12-24T17:27:04.838407,tool_verification.py,HIERARCHY_HEAL,agentic_core/L3_orchestration/P1_core,L3_orchestration/workflow_engines,Bulk Alignment
2025-12-24T17:27:04.839922,wf_types_models.py,HIERARCHY_HEAL,agentic_core/L3_orchestration/P1_core,L3_orchestration/workflow_engines,Bulk Alignment
2025-12-24T17:27:04.840897,workflow_final.py,HIERARCHY_HEAL,agentic_core/L3_orchestration/P1_core,L3_orchestration/workflow_engines,Bulk Alignment
2025-12-24T17:27:04.841368,workflow_loader.py,HIERARCHY_HEAL,agentic_core/L3_orchestration/P1_core,L3_orchestration/workflow_engines,Bulk Alignment
2025-12-24T17:27:04.843382,orchestration_handshake.py,HIERARCHY_HEAL,agentic_core/L3_orchestration/protocol,L3_orchestration/workflow_engines,Bulk Alignment
2025-12-24T17:27:04.844932,fission_manager.py,HIERARCHY_HEAL,agentic_core/L3_orchestration/S3_vitality,L3_orchestration/workflow_engines,Bulk Alignment
2025-12-24T17:27:04.844932,git_safety_handler.py,HIERARCHY_HEAL,agentic_core/L3_orchestration/S3_vitality,L3_orchestration/workflow_engines,Bulk Alignment
2025-12-24T17:27:04.847272,mcp_router.py,HIERARCHY_HEAL,agentic_core/L3_orchestration/S3_vitality,L3_orchestration/workflow_engines,Bulk Alignment
2025-12-24T17:27:04.848767,safety_guardrail.py,HIERARCHY_HEAL,agentic_core/L3_orchestration/S3_vitality,L3_orchestration/workflow_engines,Bulk Alignment
2025-12-24T17:27:04.850312,agent_permissions.py,HIERARCHY_HEAL,agentic_core/L3_orchestration/security,L3_orchestration/workflow_engines,Bulk Alignment
2025-12-24T17:27:04.851885,agent_permissions_impl.py,HIERARCHY_HEAL,agentic_core/L3_orchestration/security,L3_orchestration/workflow_engines,Bulk Alignment
2025-12-24T17:27:04.853486,agent_permissions_types.py,HIERARCHY_HEAL,agentic_core/L3_orchestration/security,L3_orchestration/workflow_engines,Bulk Alignment
2025-12-24T17:27:04.855086,agent_gym.py,HIERARCHY_HEAL,agentic_core/L3_orchestration/training,L3_orchestration/workflow_engines,Bulk Alignment
2025-12-24T17:27:04.856508,agent_gym_impl.py,HIERARCHY_HEAL,agentic_core/L3_orchestration/training,L3_orchestration/workflow_engines,Bulk Alignment
2025-12-24T17:27:04.857013,agent_gym_types.py,HIERARCHY_HEAL,agentic_core/L3_orchestration/training,L3_orchestration/workflow_engines,Bulk Alignment
2025-12-24T17:27:04.859060,__init__.py,HIERARCHY_HEAL,agentic_core/L4_state,L4_state/validation_context,Bulk Alignment
2025-12-24T17:27:04.860580,redis_sovereign_agent.py,HIERARCHY_HEAL,agentic_core/L4_state/cache,L4_state/validation_context,Bulk Alignment
2025-12-24T17:27:04.861627,filesystem_mcp_sovereign.py,HIERARCHY_HEAL,agentic_core/L4_state/filesystem,L4_state/validation_context,Bulk Alignment
2025-12-24T17:27:04.863234,memory_sovereign_mcp.py,HIERARCHY_HEAL,agentic_core/L4_state/memory,L4_state/validation_context,Bulk Alignment
2025-12-24T17:27:04.863632,agent_logic_connectivity.py,HIERARCHY_HEAL,agentic_core/L4_state/P1_core,L4_state/validation_context,Bulk Alignment
2025-12-24T17:27:04.865437,checkpointing.py,HIERARCHY_HEAL,agentic_core/L4_state/P1_core,L4_state/validation_context,Bulk Alignment
2025-12-24T17:27:04.865437,genealogy.py,HIERARCHY_HEAL,agentic_core/L4_state/P1_core,L4_state/validation_context,Bulk Alignment
2025-12-24T17:27:04.865437,key_coverage_auditor_agent.py,HIERARCHY_HEAL,agentic_core/L4_state/P1_core,L4_state/validation_context,Bulk Alignment
2025-12-24T17:27:04.869344,mission_historian.py,HIERARCHY_HEAL,agentic_core/L4_state/P1_core,L4_state/validation_context,Bulk Alignment
2025-12-24T17:27:04.870753,omni_context.py,HIERARCHY_HEAL,agentic_core/L4_state/P1_core,L4_state/validation_context,Bulk Alignment
2025-12-24T17:27:04.871764,storage.py,HIERARCHY_HEAL,agentic_core/L4_state/P1_core,L4_state/validation_context,Bulk Alignment
2025-12-24T17:27:04.872952,validation_context.py,HIERARCHY_HEAL,agentic_core/L4_state/P1_core,L4_state/validation_context,Bulk Alignment
2025-12-24T17:27:04.874507,subatomic_registry.py,HIERARCHY_HEAL,agentic_core/L4_state/registry,L4_state/validation_context,Bulk Alignment
2025-12-24T17:27:04.876023,blackboard.py,HIERARCHY_HEAL,agentic_core/L4_state/S1_store,L4_state/validation_context,Bulk Alignment
2025-12-24T17:27:04.877677,memory_manager.py,HIERARCHY_HEAL,agentic_core/L4_state/S1_store,L4_state/validation_context,Bulk Alignment
2025-12-24T17:27:04.879525,semantic_cache_sovereign.py,HIERARCHY_HEAL,agentic_core/L4_state/semantic,L4_state/validation_context,Bulk Alignment
2025-12-24T17:27:04.880045,disk_adapter.py,HIERARCHY_HEAL,agentic_core/L4_state/session_manager,L4_state/validation_context,Bulk Alignment
2025-12-24T17:27:04.882112,pinecone_sovereign_agent.py,HIERARCHY_HEAL,agentic_core/L4_state/vector,L4_state/validation_context,Bulk Alignment
2025-12-24T17:27:04.884394,gravity_enforcer_agent.py,HIERARCHY_HEAL,agentic_core/L5_safety/gravity,L5_safety/guardrails,Bulk Alignment
2025-12-24T17:27:04.885931,canary_defense.py,HIERARCHY_HEAL,agentic_core/L5_safety/P1_core,L5_safety/guardrails,Bulk Alignment
2025-12-24T17:27:04.886470,gemini_policy_enforcer_agent.py,HIERARCHY_HEAL,agentic_core/L5_safety/P1_core,L5_safety/guardrails,Bulk Alignment
2025-12-24T17:27:04.888012,governor.py,HIERARCHY_HEAL,agentic_core/L5_safety/P1_core,L5_safety/guardrails,Bulk Alignment
2025-12-24T17:27:04.889579,intervention_server.py,HIERARCHY_HEAL,agentic_core/L5_safety/P1_core,L5_safety/guardrails,Bulk Alignment
2025-12-24T17:27:04.891110,overseer.py,HIERARCHY_HEAL,agentic_core/L5_safety/P1_core,L5_safety/guardrails,Bulk Alignment
2025-12-24T17:27:04.894834,pre_commit_guardian_agent.py,HIERARCHY_HEAL,agentic_core/L5_safety/P1_core,L5_safety/guardrails,Bulk Alignment
2025-12-24T17:27:04.894834,red_sentinel.py,HIERARCHY_HEAL,agentic_core/L5_safety/P1_core,L5_safety/guardrails,Bulk Alignment
2025-12-24T17:27:04.896908,safety_guardrail.py,HIERARCHY_HEAL,agentic_core/L5_safety/P1_core,L5_safety/guardrails,Bulk Alignment
2025-12-24T17:27:04.907532,safety_layer.py,HIERARCHY_HEAL,agentic_core/L5_safety/P1_core,L5_safety/guardrails,Bulk Alignment
2025-12-24T17:27:04.909542,streamer.py,HIERARCHY_HEAL,agentic_core/L5_safety/P1_core,L5_safety/guardrails,Bulk Alignment
2025-12-24T17:27:04.912678,subatomic_engine.py,HIERARCHY_HEAL,agentic_core/L5_safety/P1_core,L5_safety/guardrails,Bulk Alignment
2025-12-24T17:27:04.928471,adversarial_red_teamer.py,HIERARCHY_HEAL,agentic_core/L5_safety/P1_red_team,L5_safety/guardrails,Bulk Alignment
2025-12-24T17:27:04.953115,security_utilities.py,HIERARCHY_HEAL,agentic_core/L5_safety/P4_security,L5_safety/guardrails,Bulk Alignment
2025-12-24T17:27:04.962929,mcp_sovereign.py,HIERARCHY_HEAL,agentic_core/L5_safety/policy,L5_safety/guardrails,Bulk Alignment
2025-12-24T17:27:04.967368,neural_auto_immune_agent.py,HIERARCHY_HEAL,agentic_core/L5_safety/policy,L5_safety/guardrails,Bulk Alignment
2025-12-24T17:27:04.970674,sovereign_alerting_agent.py,HIERARCHY_HEAL,agentic_core/L5_safety/policy,L5_safety/guardrails,Bulk Alignment
2025-12-24T17:27:04.974343,constitutional_overseer.py,HIERARCHY_HEAL,agentic_core/L5_safety/validators,L5_safety/guardrails,Bulk Alignment
2025-12-24T17:27:04.978306,cost_governor.py,HIERARCHY_HEAL,agentic_core/L5_safety/validators,L5_safety/guardrails,Bulk Alignment
