req_id,canonical_owner_surface,layer_owner,expected_span,test_file_expected,ci_gate_name,prior_proof_status,prior_final_status,actual_proof_depth,proof_status,harness_outcome,span_count,expected_seen,harness_replay_digest,composition_status,composition_components_reached,content_hash,git_head_at_test_time,caveat_class,caveat_reason
10C-REQ-001,Offline_Ingestion_Index_Build,knowledge/ingestion,ingest.chunk.sealed,tests/unit/agentic_core/L1_cognition/c0_context/ingestion/test_10c_req_001.py,ops_scripts/ci/check_10c_pilot_proof_evidence.py,PROOF_PRESENT,ACCEPTED,E4_NEGATIVE_CONTROL,EVIDENCE_PRESENT,NO_SPANS_EMITTED,0,false,4f53cda18c2baa0c0354bb5f9a3ecbe5ed12ab4d8e11ba873c2f11161202b945,,0,a57a5e2e2dbd8ca27c102f552e597c65dcd4ff50790f73c5d42e230d7960fec5,96712ddce297fcc14ee6910f9401640ffea1c42c,,
10C-REQ-002,Offline_Ingestion_Index_Build,knowledge/ingestion,ingest.chunk.sealed,tests/unit/agentic_core/L1_cognition/c0_context/ingestion/test_10c_req_002.py,ops_scripts/ci/check_10c_pilot_proof_evidence.py,PROOF_PRESENT,ACCEPTED,E4_NEGATIVE_CONTROL,EVIDENCE_PRESENT,NO_SPANS_EMITTED,0,false,4f53cda18c2baa0c0354bb5f9a3ecbe5ed12ab4d8e11ba873c2f11161202b945,,0,92a2625291edbae68957424cb15c3413e08010b4e768d46ff50026f86b52d34b,96712ddce297fcc14ee6910f9401640ffea1c42c,,
10C-REQ-003,Offline_Ingestion_Index_Build,knowledge/lifecycle,ingest.chunk.sealed,tests/unit/agentic_core/L1_cognition/c0_context/ingestion/test_10c_req_003.py,ops_scripts/ci/check_10c_pilot_proof_evidence.py,PROOF_PRESENT,ACCEPTED,E4_NEGATIVE_CONTROL,EVIDENCE_PRESENT,NO_SPANS_EMITTED,0,false,4f53cda18c2baa0c0354bb5f9a3ecbe5ed12ab4d8e11ba873c2f11161202b945,,0,9fdfd660c2822dbc8a89bfddc8e8d97e6c1df8d6f1e3b41550b8d4c7999d5f7e,540f5eec0a2d760f56ceb36d0b11e6fc706ffd40,,
10C-REQ-004,Offline_Ingestion_Index_Build,knowledge/chunking,ingest.chunk.sealed,tests/unit/agentic_core/L1_cognition/c0_context/ingestion/test_10c_req_004.py,ops_scripts/ci/check_10c_pilot_proof_evidence.py,PROOF_PRESENT,ACCEPTED,E4_NEGATIVE_CONTROL,EVIDENCE_PRESENT,NO_SPANS_EMITTED,0,false,4f53cda18c2baa0c0354bb5f9a3ecbe5ed12ab4d8e11ba873c2f11161202b945,,0,8249499a243bf6aa1b0b6f2cc1b0594641f2c4e9423acdc4dd7f36c8927493e0,540f5eec0a2d760f56ceb36d0b11e6fc706ffd40,,
10C-REQ-005,Offline_Ingestion_Index_Build,knowledge/ingestion,ingest.chunk.sealed,tests/unit/agentic_core/L1_cognition/c0_context/ingestion/test_10c_req_005.py,ops_scripts/ci/check_10c_pilot_proof_evidence.py,PROOF_PRESENT,ACCEPTED,E4_NEGATIVE_CONTROL,EVIDENCE_PRESENT,NO_SPANS_EMITTED,0,false,4f53cda18c2baa0c0354bb5f9a3ecbe5ed12ab4d8e11ba873c2f11161202b945,,0,bb1aa2135e917037ab85ccc987029caa6af795a42728a3b4016706ce6a0e077a,25328cee11659a58489036058ef1acb9389ed12f,,
10C-REQ-006,Offline_Ingestion_Index_Build,knowledge/embedding,ingest.chunk.sealed,tests/unit/agentic_core/L1_cognition/c0_context/ingestion/test_10c_req_006.py,ops_scripts/ci/check_10c_pilot_proof_evidence.py,PROOF_PRESENT,ACCEPTED,E4_NEGATIVE_CONTROL,EVIDENCE_PRESENT,NO_SPANS_EMITTED,0,false,4f53cda18c2baa0c0354bb5f9a3ecbe5ed12ab4d8e11ba873c2f11161202b945,,0,159abe9bb12e22f2ba1319e3bb18020666e9e7b783dc5a98e4102f730137733d,96712ddce297fcc14ee6910f9401640ffea1c42c,,
10C-REQ-007,Offline_Ingestion_Index_Build,knowledge/embedding + L2 execution,ingest.chunk.sealed,tests/unit/agentic_core/L1_cognition/c0_context/ingestion/test_10c_req_007.py,ops_scripts/ci/check_10c_pilot_proof_evidence.py,PROOF_PRESENT,ACCEPTED,E4_NEGATIVE_CONTROL,EVIDENCE_PRESENT,NO_SPANS_EMITTED,0,false,4f53cda18c2baa0c0354bb5f9a3ecbe5ed12ab4d8e11ba873c2f11161202b945,,0,c295d77c21d18726cc4d7defabca146f34058eee056a72105f1c2bc157301a76,96712ddce297fcc14ee6910f9401640ffea1c42c,,
10C-REQ-008,00B_L4_State_Archive_and_UWG,knowledge/L4,uwg.commit.validated,tests/unit/agentic_core/L4_state/test_10c_req_008.py,ops_scripts/ci/check_10c_pilot_proof_evidence.py,PROOF_PRESENT,ACCEPTED,E4_NEGATIVE_CONTROL,EVIDENCE_PRESENT,NO_SPANS_EMITTED,0,false,4f53cda18c2baa0c0354bb5f9a3ecbe5ed12ab4d8e11ba873c2f11161202b945,,0,9fbe0b634050f5c47bda2e2b8b3c000bfdd394593305df606eb0bbd04a421f05,3324888db4e60267618b09af1a40525642fcea86,,
10C-REQ-009,Offline_Ingestion_Index_Build,knowledge/evaluation,ingest.chunk.sealed,tests/unit/agentic_core/L1_cognition/c0_context/ingestion/test_10c_req_009.py,ops_scripts/ci/check_10c_pilot_proof_evidence.py,PROOF_PRESENT,ACCEPTED,E4_NEGATIVE_CONTROL,EVIDENCE_PRESENT,NO_SPANS_EMITTED,0,false,4f53cda18c2baa0c0354bb5f9a3ecbe5ed12ab4d8e11ba873c2f11161202b945,,0,557b335b1630a63152d95652eae70cf79ca4da66503cc38c4b89593bdc84d48f,540f5eec0a2d760f56ceb36d0b11e6fc706ffd40,,
10C-REQ-010,00B_L4_State_Archive_and_UWG,knowledge/L4,uwg.commit.validated,tests/unit/agentic_core/L4_state/test_10c_req_010.py,ops_scripts/ci/check_10c_pilot_proof_evidence.py,PROOF_PRESENT,ACCEPTED,E4_NEGATIVE_CONTROL,EVIDENCE_PRESENT,NO_SPANS_EMITTED,0,false,4f53cda18c2baa0c0354bb5f9a3ecbe5ed12ab4d8e11ba873c2f11161202b945,,0,5cb4c240efbedca26542774938a31844dcb31d8bf38fb47404e66bf2e3f90db1,3324888db4e60267618b09af1a40525642fcea86,,
10C-REQ-011,Cross_Cutting_Observability_Replay_Audit,N/A,obs.audit_event.emitted,tests/unit/agentic_core/L6_observability/test_10c_req_011.py,ops_scripts/ci/check_otel_replay_audit_proof.py,NOT_APPLICABLE,ACCEPTED_WITH_CAVEAT,E4_NEGATIVE_CONTROL,ACCEPTED_WITH_CAVEAT,NO_HARNESS,0,false,,,0,4359d20bbdd289ca8fbf7278f022b65ae7b3abac3532de7e9b18da92823c4c3b,0d7bcdd089b23159980d1f31854ce63c52b14dbd,PEDAGOGICAL_ROW,"PEDAGOGICAL_ROW: documentation/legend, not a runtime proof obligation."
10C-REQ-012,Offline_Ingestion_Index_Build,knowledge/ingestion,ingest.chunk.sealed,tests/unit/agentic_core/L1_cognition/c0_context/ingestion/test_10c_req_012.py,ops_scripts/ci/check_10c_pilot_proof_evidence.py,PROOF_PRESENT,ACCEPTED,E4_NEGATIVE_CONTROL,EVIDENCE_PRESENT,NO_SPANS_EMITTED,0,false,4f53cda18c2baa0c0354bb5f9a3ecbe5ed12ab4d8e11ba873c2f11161202b945,,0,3bdcdbde051b091cb48340d14713232c9030de145cdda5de4e3edc91954653af,96712ddce297fcc14ee6910f9401640ffea1c42c,,
10C-REQ-013,Offline_Ingestion_Index_Build,knowledge/chunking,ingest.chunk.sealed,tests/unit/agentic_core/L1_cognition/c0_context/ingestion/test_10c_req_013.py,ops_scripts/ci/check_10c_pilot_proof_evidence.py,PROOF_PRESENT,ACCEPTED,E4_NEGATIVE_CONTROL,EVIDENCE_PRESENT,NO_SPANS_EMITTED,0,false,4f53cda18c2baa0c0354bb5f9a3ecbe5ed12ab4d8e11ba873c2f11161202b945,,0,e1019ff20201fbed3dcf5c2a0f1896aea8564c3d956f432097cf9d900088b1a3,540f5eec0a2d760f56ceb36d0b11e6fc706ffd40,,
10C-REQ-014,Offline_Ingestion_Index_Build,knowledge/enrichment,ingest.chunk.sealed,tests/unit/agentic_core/L1_cognition/c0_context/ingestion/test_10c_req_014.py,ops_scripts/ci/check_10c_pilot_proof_evidence.py,PROOF_PRESENT,ACCEPTED,E4_NEGATIVE_CONTROL,EVIDENCE_PRESENT,NO_SPANS_EMITTED,0,false,4f53cda18c2baa0c0354bb5f9a3ecbe5ed12ab4d8e11ba873c2f11161202b945,,0,704e8de363373d0168ef87cfc2d9db05b303e572343a64f11cae6b21356e10ac,96712ddce297fcc14ee6910f9401640ffea1c42c,,
10C-REQ-015,Offline_Ingestion_Index_Build,knowledge/ingestion,ingest.chunk.sealed,tests/unit/agentic_core/L1_cognition/c0_context/ingestion/test_10c_req_015.py,ops_scripts/ci/check_10c_pilot_proof_evidence.py,PROOF_PRESENT,ACCEPTED,E4_NEGATIVE_CONTROL,EVIDENCE_PRESENT,NO_SPANS_EMITTED,0,false,4f53cda18c2baa0c0354bb5f9a3ecbe5ed12ab4d8e11ba873c2f11161202b945,,0,c28ea13846399d848a0dd91cd64c2b4dfcf0e7e29c86225f7883d6d10e4a0f0c,96712ddce297fcc14ee6910f9401640ffea1c42c,,
10C-REQ-016,Offline_Ingestion_Index_Build,knowledge/embedding,ingest.chunk.sealed,tests/unit/agentic_core/L1_cognition/c0_context/ingestion/test_10c_req_016.py,ops_scripts/ci/check_10c_pilot_proof_evidence.py,PROOF_PRESENT,ACCEPTED,E4_NEGATIVE_CONTROL,EVIDENCE_PRESENT,NO_SPANS_EMITTED,0,false,4f53cda18c2baa0c0354bb5f9a3ecbe5ed12ab4d8e11ba873c2f11161202b945,,0,8cef51e52c5c7dda30d299e3e302705ce65982db6a7701f668e0786e2f2b9263,96712ddce297fcc14ee6910f9401640ffea1c42c,,
10C-REQ-017,Offline_Ingestion_Index_Build,knowledge/embedding,ingest.chunk.sealed,tests/unit/agentic_core/L1_cognition/c0_context/ingestion/test_10c_req_017.py,ops_scripts/ci/check_10c_pilot_proof_evidence.py,PROOF_PRESENT,ACCEPTED,E4_NEGATIVE_CONTROL,EVIDENCE_PRESENT,NO_SPANS_EMITTED,0,false,4f53cda18c2baa0c0354bb5f9a3ecbe5ed12ab4d8e11ba873c2f11161202b945,,0,f9a584a38b51a008b289248f239b4cd54936cd0f2b5998fb173fe25c090f1204,96712ddce297fcc14ee6910f9401640ffea1c42c,,
10C-REQ-018,00B_L4_State_Archive_and_UWG,knowledge/L4,uwg.commit.validated,tests/unit/agentic_core/L4_state/test_10c_req_018.py,ops_scripts/ci/check_10c_pilot_proof_evidence.py,PROOF_PRESENT,ACCEPTED,E4_NEGATIVE_CONTROL,EVIDENCE_PRESENT,NO_SPANS_EMITTED,0,false,4f53cda18c2baa0c0354bb5f9a3ecbe5ed12ab4d8e11ba873c2f11161202b945,,0,649075cb736bce97be52f4b14f3f924365c81e0cca9e95d953a307b38155f9a9,3324888db4e60267618b09af1a40525642fcea86,,
10C-REQ-019,00B_L4_State_Archive_and_UWG,knowledge/L4,uwg.commit.validated,tests/unit/agentic_core/L4_state/test_10c_req_019.py,ops_scripts/ci/check_10c_pilot_proof_evidence.py,PROOF_PRESENT,ACCEPTED,E4_NEGATIVE_CONTROL,EVIDENCE_PRESENT,NO_SPANS_EMITTED,0,false,4f53cda18c2baa0c0354bb5f9a3ecbe5ed12ab4d8e11ba873c2f11161202b945,,0,f3b3540be9ae5ab45757003cfa87c5ce36e5651c19a3a6cd0d860d8cba89d47e,3324888db4e60267618b09af1a40525642fcea86,,
10C-REQ-020,00B_L4_State_Archive_and_UWG,knowledge/L4,uwg.commit.validated,tests/unit/agentic_core/L4_state/test_10c_req_020.py,ops_scripts/ci/check_10c_pilot_proof_evidence.py,PROOF_PRESENT,ACCEPTED,E4_NEGATIVE_CONTROL,EVIDENCE_PRESENT,NO_SPANS_EMITTED,0,false,4f53cda18c2baa0c0354bb5f9a3ecbe5ed12ab4d8e11ba873c2f11161202b945,,0,f9ef26376f852de7edb44f94d860a29c6ec062a1433a1ee96eb037f7eda94ddf,3324888db4e60267618b09af1a40525642fcea86,,
10C-REQ-021,Offline_Ingestion_Index_Build,knowledge/embedding,ingest.bootstrap.completed,tests/unit/agentic_core/L1_cognition/c0_context/ingestion/test_10c_req_021.py,ops_scripts/ci/check_10c_pilot_proof_evidence.py,PROOF_PRESENT,ACCEPTED,E4_NEGATIVE_CONTROL,EVIDENCE_PRESENT,NO_SPANS_EMITTED,0,false,4f53cda18c2baa0c0354bb5f9a3ecbe5ed12ab4d8e11ba873c2f11161202b945,,0,09ba5a158db2b229ad7416ebe2c0cb229c824489c746d6dbff617377a61eeb7f,540f5eec0a2d760f56ceb36d0b11e6fc706ffd40,,
10C-REQ-022,Offline_Ingestion_Index_Build,knowledge/embedding,ingest.chunk.sealed,tests/unit/agentic_core/L1_cognition/c0_context/ingestion/test_10c_req_022.py,ops_scripts/ci/check_10c_pilot_proof_evidence.py,PROOF_PRESENT,ACCEPTED,E4_NEGATIVE_CONTROL,EVIDENCE_PRESENT,NO_SPANS_EMITTED,0,false,4f53cda18c2baa0c0354bb5f9a3ecbe5ed12ab4d8e11ba873c2f11161202b945,,0,dcb0b00d30b7f47dc002cf368b1ab2e19d0082b63483a29dd939a60eca1a30d9,540f5eec0a2d760f56ceb36d0b11e6fc706ffd40,,
10C-REQ-023,Offline_Ingestion_Index_Build,knowledge/embedding,ingest.bootstrap.completed,tests/unit/agentic_core/L1_cognition/c0_context/ingestion/test_10c_req_023.py,ops_scripts/ci/check_10c_pilot_proof_evidence.py,PROOF_PRESENT,ACCEPTED,E4_NEGATIVE_CONTROL,EVIDENCE_PRESENT,NO_SPANS_EMITTED,0,false,4f53cda18c2baa0c0354bb5f9a3ecbe5ed12ab4d8e11ba873c2f11161202b945,,0,b9d4df1f32037323f159ec6359c3acd44ddf3af38afd542428c69bbcaf449c70,540f5eec0a2d760f56ceb36d0b11e6fc706ffd40,,
10C-REQ-024,Offline_Ingestion_Index_Build,knowledge/embedding,ingest.bootstrap.completed,tests/unit/agentic_core/L1_cognition/c0_context/ingestion/test_10c_req_024.py,ops_scripts/ci/check_10c_pilot_proof_evidence.py,PROOF_PRESENT,ACCEPTED,E4_NEGATIVE_CONTROL,EVIDENCE_PRESENT,NO_SPANS_EMITTED,0,false,4f53cda18c2baa0c0354bb5f9a3ecbe5ed12ab4d8e11ba873c2f11161202b945,,0,ea99a59bb130941bde0b37abb838aa3feafaacd63a3347e4a70656e9d283f18f,540f5eec0a2d760f56ceb36d0b11e6fc706ffd40,,
10C-REQ-025,Offline_Ingestion_Index_Build,knowledge/embedding,ingest.chunk.sealed,tests/unit/agentic_core/L1_cognition/c0_context/ingestion/test_10c_req_025.py,ops_scripts/ci/check_10c_pilot_proof_evidence.py,PROOF_PRESENT,ACCEPTED,E4_NEGATIVE_CONTROL,EVIDENCE_PRESENT,NO_SPANS_EMITTED,0,false,4f53cda18c2baa0c0354bb5f9a3ecbe5ed12ab4d8e11ba873c2f11161202b945,,0,ed378c8bcb907db8411d4f75cb6a6be39e80499fd5482f4a9acf19904672b2d5,540f5eec0a2d760f56ceb36d0b11e6fc706ffd40,,
10C-REQ-026,Offline_Ingestion_Index_Build,knowledge/embedding,ingest.chunk.sealed,tests/unit/agentic_core/L1_cognition/c0_context/ingestion/test_10c_req_026.py,ops_scripts/ci/check_10c_pilot_proof_evidence.py,PROOF_PRESENT,ACCEPTED,E4_NEGATIVE_CONTROL,EVIDENCE_PRESENT,NO_SPANS_EMITTED,0,false,4f53cda18c2baa0c0354bb5f9a3ecbe5ed12ab4d8e11ba873c2f11161202b945,,0,eaba8808bc0a6196e09d4485c579c413543bf1b343d29c87078d230dfc90675c,540f5eec0a2d760f56ceb36d0b11e6fc706ffd40,,
10C-REQ-027,Offline_Ingestion_Index_Build,knowledge/embedding,ingest.chunk.sealed,tests/unit/agentic_core/L1_cognition/c0_context/ingestion/test_10c_req_027.py,ops_scripts/ci/check_10c_pilot_proof_evidence.py,PROOF_PRESENT,ACCEPTED,E4_NEGATIVE_CONTROL,EVIDENCE_PRESENT,NO_SPANS_EMITTED,0,false,4f53cda18c2baa0c0354bb5f9a3ecbe5ed12ab4d8e11ba873c2f11161202b945,,0,f2df535590fb6f2eae0e2295656a7341bf02c48688a7ca5f1f15ffa2d207b7c1,540f5eec0a2d760f56ceb36d0b11e6fc706ffd40,,
10C-REQ-028,Offline_Ingestion_Index_Build,knowledge/embedding,ingest.chunk.sealed,tests/unit/agentic_core/L1_cognition/c0_context/ingestion/test_10c_req_028.py,ops_scripts/ci/check_10c_pilot_proof_evidence.py,PROOF_PRESENT,ACCEPTED,E4_NEGATIVE_CONTROL,EVIDENCE_PRESENT,NO_SPANS_EMITTED,0,false,4f53cda18c2baa0c0354bb5f9a3ecbe5ed12ab4d8e11ba873c2f11161202b945,,0,5560c6cf0abb185a8ec1d8729442da434e992c4969640f565d4b6a16bcfed485,540f5eec0a2d760f56ceb36d0b11e6fc706ffd40,,
10C-REQ-029,00B_L4_State_Archive_and_UWG,knowledge/L4,uwg.commit.validated,tests/unit/agentic_core/L4_state/test_10c_req_029.py,ops_scripts/ci/check_10c_pilot_proof_evidence.py,PROOF_PRESENT,ACCEPTED,E4_NEGATIVE_CONTROL,EVIDENCE_PRESENT,NO_SPANS_EMITTED,0,false,4f53cda18c2baa0c0354bb5f9a3ecbe5ed12ab4d8e11ba873c2f11161202b945,,0,ee50d0de3d5f840ff3425b9e231bebbcf0a23549531f484c611329a8480d66a4,3324888db4e60267618b09af1a40525642fcea86,,
10C-REQ-030,00B_L4_State_Archive_and_UWG,knowledge/L4,uwg.commit.validated,tests/unit/agentic_core/L4_state/test_10c_req_030.py,ops_scripts/ci/check_10c_pilot_proof_evidence.py,PROOF_PRESENT,ACCEPTED,E4_NEGATIVE_CONTROL,EVIDENCE_PRESENT,NO_SPANS_EMITTED,0,false,4f53cda18c2baa0c0354bb5f9a3ecbe5ed12ab4d8e11ba873c2f11161202b945,,0,8b3f60e6a7842774c227b7dfc0aaf91a81b1fe9f1892145f42f27caff87f1459,3324888db4e60267618b09af1a40525642fcea86,,
10C-REQ-031,03A_C0_Context_Engine,C0/knowledge,c0.evidence.contract_emitted,tests/unit/agentic_core/L1_cognition/c0_context/test_10c_req_031.py,ops_scripts/ci/check_10c_pilot_proof_evidence.py,PROOF_PRESENT,ACCEPTED,E4_NEGATIVE_CONTROL,EVIDENCE_PRESENT,NO_SPANS_EMITTED,0,false,4f53cda18c2baa0c0354bb5f9a3ecbe5ed12ab4d8e11ba873c2f11161202b945,,0,f9b81d773f823ceed0d61a3aafef8f2e3a3d77b79f47b71da7696fa5efd8d081,40a993fbedf5dec115894569b0975ecd6ea6d889,,
10C-REQ-032,03A_C0_Context_Engine,C0/knowledge,c0.evidence.contract_emitted,tests/unit/agentic_core/L1_cognition/c0_context/test_10c_req_032.py,ops_scripts/ci/check_10c_pilot_proof_evidence.py,PROOF_PRESENT,ACCEPTED,E4_NEGATIVE_CONTROL,EVIDENCE_PRESENT,NO_SPANS_EMITTED,0,false,4f53cda18c2baa0c0354bb5f9a3ecbe5ed12ab4d8e11ba873c2f11161202b945,,0,3a4d4d92a1b339d2c5f44cba4012ede2c2033a09d78b6768688c6e3762b2d429,40a993fbedf5dec115894569b0975ecd6ea6d889,,
10C-REQ-033,03A_C0_Context_Engine,C0/knowledge,c0.evidence.contract_emitted,tests/unit/agentic_core/L1_cognition/c0_context/test_10c_req_033.py,ops_scripts/ci/check_10c_pilot_proof_evidence.py,PROOF_PRESENT,ACCEPTED,E4_NEGATIVE_CONTROL,EVIDENCE_PRESENT,NO_SPANS_EMITTED,0,false,4f53cda18c2baa0c0354bb5f9a3ecbe5ed12ab4d8e11ba873c2f11161202b945,,0,2a530111edda19d7fb1ac4bef836b1f36c38e41ba0c2ebeb72f9e53161889177,40a993fbedf5dec115894569b0975ecd6ea6d889,,
10C-REQ-034,03A_C0_Context_Engine,C0/knowledge,c0.evidence.contract_emitted,tests/unit/agentic_core/L1_cognition/c0_context/test_10c_req_034.py,ops_scripts/ci/check_10c_pilot_proof_evidence.py,PROOF_PRESENT,ACCEPTED,E4_NEGATIVE_CONTROL,EVIDENCE_PRESENT,NO_SPANS_EMITTED,0,false,4f53cda18c2baa0c0354bb5f9a3ecbe5ed12ab4d8e11ba873c2f11161202b945,,0,0c78740a5b8f0feaa71241777855ae84c95570b502ec8e85c0d1509e6f1f687e,40a993fbedf5dec115894569b0975ecd6ea6d889,,
10C-REQ-035,03B_PA_Prompt_Assembly,C0/prompt_assembly,pa.prompt.compiled_artifact_emitted,tests/unit/agentic_core/L1_cognition/prompt_assembly/test_10c_req_035.py,ops_scripts/ci/check_10c_pilot_proof_evidence.py,PROOF_PRESENT,ACCEPTED,E4_NEGATIVE_CONTROL,EVIDENCE_PRESENT,NO_SPANS_EMITTED,0,false,4f53cda18c2baa0c0354bb5f9a3ecbe5ed12ab4d8e11ba873c2f11161202b945,,0,eb933e6cd6e0594f1aa94abb18dd367b15e0844e2249553271445d02384f590f,540f5eec0a2d760f56ceb36d0b11e6fc706ffd40,,
10C-REQ-036,Offline_Ingestion_Index_Build,knowledge/sparse_index,ingest.index.materialized,tests/unit/agentic_core/L1_cognition/c0_context/ingestion/test_10c_req_036.py,ops_scripts/ci/check_10c_pilot_proof_evidence.py,PROOF_PRESENT,ACCEPTED,E4_NEGATIVE_CONTROL,EVIDENCE_PRESENT,NO_SPANS_EMITTED,0,false,4f53cda18c2baa0c0354bb5f9a3ecbe5ed12ab4d8e11ba873c2f11161202b945,,0,70e4ac62c9f068a38e03a34b0004830e8a506ca6a64c34e8d0278248025c4e96,540f5eec0a2d760f56ceb36d0b11e6fc706ffd40,,
10C-REQ-037,Offline_Ingestion_Index_Build,knowledge/sparse_index,ingest.index.materialized,tests/unit/agentic_core/L1_cognition/c0_context/ingestion/test_10c_req_037.py,ops_scripts/ci/check_10c_pilot_proof_evidence.py,PROOF_PRESENT,ACCEPTED,E4_NEGATIVE_CONTROL,EVIDENCE_PRESENT,NO_SPANS_EMITTED,0,false,4f53cda18c2baa0c0354bb5f9a3ecbe5ed12ab4d8e11ba873c2f11161202b945,,0,71ede7bbdb27bbba05b55c239df24addb265d6ba959d92efeda56f33f572bf9a,540f5eec0a2d760f56ceb36d0b11e6fc706ffd40,,
10C-REQ-038,Offline_Ingestion_Index_Build,knowledge/sparse_index,ingest.index.materialized,tests/unit/agentic_core/L1_cognition/c0_context/ingestion/test_10c_req_038.py,ops_scripts/ci/check_10c_pilot_proof_evidence.py,PROOF_PRESENT,ACCEPTED,E4_NEGATIVE_CONTROL,EVIDENCE_PRESENT,NO_SPANS_EMITTED,0,false,4f53cda18c2baa0c0354bb5f9a3ecbe5ed12ab4d8e11ba873c2f11161202b945,,0,a6094766e21ac696ff9a7e702a375ecf9a532af27fbfd7372b58baf3a5925d2b,540f5eec0a2d760f56ceb36d0b11e6fc706ffd40,,
10C-REQ-039,Offline_Ingestion_Index_Build,knowledge/sparse_index,ingest.index.materialized,tests/unit/agentic_core/L1_cognition/c0_context/ingestion/test_10c_req_039.py,ops_scripts/ci/check_10c_pilot_proof_evidence.py,PROOF_PRESENT,ACCEPTED,E4_NEGATIVE_CONTROL,EVIDENCE_PRESENT,NO_SPANS_EMITTED,0,false,4f53cda18c2baa0c0354bb5f9a3ecbe5ed12ab4d8e11ba873c2f11161202b945,,0,18d023bed059631ac159dc580c2411d940e4de1422be64bfbb73304a2a04685e,540f5eec0a2d760f56ceb36d0b11e6fc706ffd40,,
10C-REQ-040,Offline_Ingestion_Index_Build,knowledge/sparse_index,ingest.index.materialized,tests/unit/agentic_core/L1_cognition/c0_context/ingestion/test_10c_req_040.py,ops_scripts/ci/check_10c_pilot_proof_evidence.py,PROOF_PRESENT,ACCEPTED,E4_NEGATIVE_CONTROL,EVIDENCE_PRESENT,NO_SPANS_EMITTED,0,false,4f53cda18c2baa0c0354bb5f9a3ecbe5ed12ab4d8e11ba873c2f11161202b945,,0,004e128775b13c4043b126fb28b5f04fba9ca0ae2fd85c377050565cb7bc9a18,540f5eec0a2d760f56ceb36d0b11e6fc706ffd40,,
10C-REQ-041,Offline_Ingestion_Index_Build,knowledge/sparse_index,ingest.index.materialized,tests/unit/agentic_core/L1_cognition/c0_context/ingestion/test_10c_req_041.py,ops_scripts/ci/check_10c_pilot_proof_evidence.py,PROOF_PRESENT,ACCEPTED,E4_NEGATIVE_CONTROL,EVIDENCE_PRESENT,NO_SPANS_EMITTED,0,false,4f53cda18c2baa0c0354bb5f9a3ecbe5ed12ab4d8e11ba873c2f11161202b945,,0,8e0fde1a7566ea8bdf3edec4025ee5ffbdcc8c8d7455e89f0ab2032e33e477f7,540f5eec0a2d760f56ceb36d0b11e6fc706ffd40,,
10C-REQ-042,00B_L4_State_Archive_and_UWG,knowledge/L4,uwg.commit.validated,tests/unit/agentic_core/L4_state/test_10c_req_042.py,ops_scripts/ci/check_10c_pilot_proof_evidence.py,PROOF_PRESENT,ACCEPTED,E4_NEGATIVE_CONTROL,EVIDENCE_PRESENT,NO_SPANS_EMITTED,0,false,4f53cda18c2baa0c0354bb5f9a3ecbe5ed12ab4d8e11ba873c2f11161202b945,,0,74521a2ba22abb9f8c6a1f62615c81d633b3edf3e21cab2cca761909fab0bfdc,3324888db4e60267618b09af1a40525642fcea86,,
10C-REQ-043,03A_C0_Context_Engine,C0/knowledge,c0.evidence.contract_emitted,tests/unit/agentic_core/L1_cognition/c0_context/test_10c_req_043.py,ops_scripts/ci/check_10c_pilot_proof_evidence.py,PROOF_PRESENT,ACCEPTED,E4_NEGATIVE_CONTROL,EVIDENCE_PRESENT,NO_SPANS_EMITTED,0,false,4f53cda18c2baa0c0354bb5f9a3ecbe5ed12ab4d8e11ba873c2f11161202b945,,0,3598f221ab0fc2732f3e869e6e7d426ce046c7cb4c5602719796981085a65624,40a993fbedf5dec115894569b0975ecd6ea6d889,,
10C-REQ-044,03A_C0_Context_Engine,C0/knowledge,c0.evidence.contract_emitted,tests/unit/agentic_core/L1_cognition/c0_context/test_10c_req_044.py,ops_scripts/ci/check_10c_pilot_proof_evidence.py,PROOF_PRESENT,ACCEPTED,E4_NEGATIVE_CONTROL,EVIDENCE_PRESENT,NO_SPANS_EMITTED,0,false,4f53cda18c2baa0c0354bb5f9a3ecbe5ed12ab4d8e11ba873c2f11161202b945,,0,6f8733b75a3d7b8a6a8dc4432de58eede579114fb6a58e326a2def7774f3593f,40a993fbedf5dec115894569b0975ecd6ea6d889,,
10C-REQ-045,03A_C0_Context_Engine,C0/knowledge,c0.evidence.contract_emitted,tests/unit/agentic_core/L1_cognition/c0_context/test_10c_req_045.py,ops_scripts/ci/check_10c_pilot_proof_evidence.py,PROOF_PRESENT,ACCEPTED,E4_NEGATIVE_CONTROL,EVIDENCE_PRESENT,NO_SPANS_EMITTED,0,false,4f53cda18c2baa0c0354bb5f9a3ecbe5ed12ab4d8e11ba873c2f11161202b945,,0,100d94d7c862a865f96cc9316649a2cf4565892d2f025525e9f5ab3133837afb,40a993fbedf5dec115894569b0975ecd6ea6d889,,
10C-REQ-046,03A_C0_Context_Engine,C0/knowledge,c0.evidence.contract_emitted,tests/unit/agentic_core/L1_cognition/c0_context/test_10c_req_046.py,ops_scripts/ci/check_10c_pilot_proof_evidence.py,PROOF_PRESENT,ACCEPTED,E4_NEGATIVE_CONTROL,EVIDENCE_PRESENT,NO_SPANS_EMITTED,0,false,4f53cda18c2baa0c0354bb5f9a3ecbe5ed12ab4d8e11ba873c2f11161202b945,,0,c05b1616762a598dcca5efe7efe0941cede3b75205ae9941cdfd2cfe5a6ec130,40a993fbedf5dec115894569b0975ecd6ea6d889,,
10C-REQ-047,03A_C0_Context_Engine,C0/knowledge,c0.evidence.contract_emitted,tests/unit/agentic_core/L1_cognition/c0_context/test_10c_req_047.py,ops_scripts/ci/check_10c_pilot_proof_evidence.py,PROOF_PRESENT,ACCEPTED,E4_NEGATIVE_CONTROL,EVIDENCE_PRESENT,NO_SPANS_EMITTED,0,false,4f53cda18c2baa0c0354bb5f9a3ecbe5ed12ab4d8e11ba873c2f11161202b945,,0,7a25e3e370e175ea255b27017338e20404a0e183848d9b2a81eb0ac6850e50a1,40a993fbedf5dec115894569b0975ecd6ea6d889,,
10C-REQ-048,03A_C0_Context_Engine,C0/knowledge,c0.evidence.contract_emitted,tests/unit/agentic_core/L1_cognition/c0_context/test_10c_req_048.py,ops_scripts/ci/check_10c_pilot_proof_evidence.py,PROOF_PRESENT,ACCEPTED,E4_NEGATIVE_CONTROL,EVIDENCE_PRESENT,NO_SPANS_EMITTED,0,false,4f53cda18c2baa0c0354bb5f9a3ecbe5ed12ab4d8e11ba873c2f11161202b945,,0,8cfe814232f8351c63879d70fdb9c1f6af1c18896a8d7b096ddea304fc57010f,40a993fbedf5dec115894569b0975ecd6ea6d889,,
10C-REQ-049,01_U0_Request_Intake,L5/gateway,u0.intake.invariant_enforced,tests/unit/agentic_core/L1_cognition/intake/test_10c_req_049.py,ops_scripts/ci/check_10c_pilot_proof_evidence.py,PROOF_PRESENT,ACCEPTED,E4_NEGATIVE_CONTROL,EVIDENCE_PRESENT,NO_SPANS_EMITTED,0,false,4f53cda18c2baa0c0354bb5f9a3ecbe5ed12ab4d8e11ba873c2f11161202b945,,0,58f0813ba073b5662b379ebc0f6f4f282d7d1363ef44d06355a091dc9c46dd6f,132fecde8fe0ee12880968ec08a89dc35b955010,,
10C-REQ-050,01_U0_Request_Intake,L5/gateway,u0.intake.validated,tests/unit/agentic_core/L1_cognition/intake/test_10c_req_050.py,ops_scripts/ci/check_10c_pilot_proof_evidence.py,PROOF_PRESENT,ACCEPTED,E4_NEGATIVE_CONTROL,EVIDENCE_PRESENT,NO_SPANS_EMITTED,0,false,4f53cda18c2baa0c0354bb5f9a3ecbe5ed12ab4d8e11ba873c2f11161202b945,,0,ecfb7712925f7f5a0faa8fc8f0d14543dc650cc56d7c26cd50ab1bae362c094f,540f5eec0a2d760f56ceb36d0b11e6fc706ffd40,,
10C-REQ-051,01_U0_Request_Intake,L5/gateway,u0.intake.identity_bound,tests/unit/agentic_core/L1_cognition/intake/test_10c_req_051.py,ops_scripts/ci/check_10c_pilot_proof_evidence.py,PROOF_PRESENT,ACCEPTED,E4_NEGATIVE_CONTROL,EVIDENCE_PRESENT,NO_SPANS_EMITTED,0,false,4f53cda18c2baa0c0354bb5f9a3ecbe5ed12ab4d8e11ba873c2f11161202b945,,0,3f02ea1909355de61f9b0a6be98d7af312d8001fecf8b474ad845e4e3ad09b54,540f5eec0a2d760f56ceb36d0b11e6fc706ffd40,,
10C-REQ-052,01_U0_Request_Intake,L5/gateway,u0.intake.quota_checked,tests/unit/agentic_core/L1_cognition/intake/test_10c_req_052.py,ops_scripts/ci/check_10c_pilot_proof_evidence.py,PROOF_PRESENT,ACCEPTED,E4_NEGATIVE_CONTROL,EVIDENCE_PRESENT,NO_SPANS_EMITTED,0,false,4f53cda18c2baa0c0354bb5f9a3ecbe5ed12ab4d8e11ba873c2f11161202b945,,0,a02eb38c0b6890a0965a15a2d0ea7bc0cf4e6b15f6623c6f7034abd58dcc6f3a,540f5eec0a2d760f56ceb36d0b11e6fc706ffd40,,
10C-REQ-053,01_U0_Request_Intake,L5/gateway,u0.intake.schema_validated,tests/unit/agentic_core/L1_cognition/intake/test_10c_req_053.py,ops_scripts/ci/check_10c_pilot_proof_evidence.py,PROOF_PRESENT,ACCEPTED,E4_NEGATIVE_CONTROL,EVIDENCE_PRESENT,NO_SPANS_EMITTED,0,false,4f53cda18c2baa0c0354bb5f9a3ecbe5ed12ab4d8e11ba873c2f11161202b945,,0,198204d8674bc663d0250d7250a38a37f21079d48bd724decdaef1c3dcd75bd7,540f5eec0a2d760f56ceb36d0b11e6fc706ffd40,,
10C-REQ-054,01_U0_Request_Intake,L5/gateway,u0.intake.payload_normalized,tests/unit/agentic_core/L1_cognition/intake/test_10c_req_054.py,ops_scripts/ci/check_10c_pilot_proof_evidence.py,PROOF_PRESENT,ACCEPTED,E4_NEGATIVE_CONTROL,EVIDENCE_PRESENT,NO_SPANS_EMITTED,0,false,4f53cda18c2baa0c0354bb5f9a3ecbe5ed12ab4d8e11ba873c2f11161202b945,,0,217e006be2a46340a30f10893dc1be9e7740f2b9ab3268411a3555d32f48f833,540f5eec0a2d760f56ceb36d0b11e6fc706ffd40,,
10C-REQ-055,01_U0_Request_Intake,L5/gateway,u0.intake.stamped,tests/unit/agentic_core/L1_cognition/intake/test_10c_req_055.py,ops_scripts/ci/check_10c_pilot_proof_evidence.py,PROOF_PRESENT,ACCEPTED,E4_NEGATIVE_CONTROL,EVIDENCE_PRESENT,NO_SPANS_EMITTED,0,false,4f53cda18c2baa0c0354bb5f9a3ecbe5ed12ab4d8e11ba873c2f11161202b945,,0,f75df38927b4034649283fc447c9f73d2f48aae1cdc266a30115e5577d6a1f6e,540f5eec0a2d760f56ceb36d0b11e6fc706ffd40,,
10C-REQ-056,02_L1_Reasoning_Plan,L1 cognition,l1.plan.contract_emitted,tests/unit/agentic_core/L1_cognition/test_10c_req_056.py,ops_scripts/ci/check_10c_pilot_proof_evidence.py,PROOF_PRESENT,ACCEPTED,E4_NEGATIVE_CONTROL,EVIDENCE_PRESENT,NO_SPANS_EMITTED,0,false,4f53cda18c2baa0c0354bb5f9a3ecbe5ed12ab4d8e11ba873c2f11161202b945,,0,efc1c08e47754d8d19debe51a5585e3e411dda058ebe452a111a50fc0ed94e06,40a993fbedf5dec115894569b0975ecd6ea6d889,,
10C-REQ-057,02_L1_Reasoning_Plan,L1 cognition,l1.plan.contract_emitted,tests/unit/agentic_core/L1_cognition/test_10c_req_057.py,ops_scripts/ci/check_10c_pilot_proof_evidence.py,PROOF_PRESENT,ACCEPTED,E4_NEGATIVE_CONTROL,EVIDENCE_PRESENT,NO_SPANS_EMITTED,0,false,4f53cda18c2baa0c0354bb5f9a3ecbe5ed12ab4d8e11ba873c2f11161202b945,,0,8f9dd32d4e510d28aae914b2010cf53d28693fd4dc7932b8e7dcd63bc75917fe,540f5eec0a2d760f56ceb36d0b11e6fc706ffd40,,
10C-REQ-058,02_L1_Reasoning_Plan,L1 cognition,l1.plan.contract_emitted,tests/unit/agentic_core/L1_cognition/test_10c_req_058.py,ops_scripts/ci/check_10c_pilot_proof_evidence.py,PROOF_PRESENT,ACCEPTED,E4_NEGATIVE_CONTROL,EVIDENCE_PRESENT,NO_SPANS_EMITTED,0,false,4f53cda18c2baa0c0354bb5f9a3ecbe5ed12ab4d8e11ba873c2f11161202b945,,0,aee07cd5f7ca128a66bc2e79e1337cb41e9e52a27b481e64f569edbd79a76b13,540f5eec0a2d760f56ceb36d0b11e6fc706ffd40,,
10C-REQ-059,02_L1_Reasoning_Plan,L1 cognition,l1.plan.contract_emitted,tests/unit/agentic_core/L1_cognition/test_10c_req_059.py,ops_scripts/ci/check_10c_pilot_proof_evidence.py,PROOF_PRESENT,ACCEPTED,E4_NEGATIVE_CONTROL,EVIDENCE_PRESENT,NO_SPANS_EMITTED,0,false,4f53cda18c2baa0c0354bb5f9a3ecbe5ed12ab4d8e11ba873c2f11161202b945,,0,f56d18410903af5693ee10f7fbe03844712be740e04c14ab7269dda9ed634612,540f5eec0a2d760f56ceb36d0b11e6fc706ffd40,,
10C-REQ-060,02_L1_Reasoning_Plan,L1 cognition,l1.plan.contract_emitted,tests/unit/agentic_core/L1_cognition/test_10c_req_060.py,ops_scripts/ci/check_10c_pilot_proof_evidence.py,PROOF_PRESENT,ACCEPTED,E4_NEGATIVE_CONTROL,EVIDENCE_PRESENT,NO_SPANS_EMITTED,0,false,4f53cda18c2baa0c0354bb5f9a3ecbe5ed12ab4d8e11ba873c2f11161202b945,,0,9e9c8db12920b50e0001ea4f66896d6fc97045ca4362c02f4b0adc7951909493,40a993fbedf5dec115894569b0975ecd6ea6d889,,
10C-REQ-061,02_L1_Reasoning_Plan,L1 cognition,l1.plan.contract_emitted,tests/unit/agentic_core/L1_cognition/test_10c_req_061.py,ops_scripts/ci/check_10c_pilot_proof_evidence.py,PROOF_PRESENT,ACCEPTED,E4_NEGATIVE_CONTROL,EVIDENCE_PRESENT,NO_SPANS_EMITTED,0,false,4f53cda18c2baa0c0354bb5f9a3ecbe5ed12ab4d8e11ba873c2f11161202b945,,0,16a75282353647579ab03e80399e8cdfa6a8e969aad43775424bf77d13381108,40a993fbedf5dec115894569b0975ecd6ea6d889,,
10C-REQ-062,02_L1_Reasoning_Plan,L1 cognition,l1.plan.contract_emitted,tests/unit/agentic_core/L1_cognition/test_10c_req_062.py,ops_scripts/ci/check_10c_pilot_proof_evidence.py,PROOF_PRESENT,ACCEPTED,E4_NEGATIVE_CONTROL,EVIDENCE_PRESENT,NO_SPANS_EMITTED,0,false,4f53cda18c2baa0c0354bb5f9a3ecbe5ed12ab4d8e11ba873c2f11161202b945,,0,a2b165cffbc80915bf21277d882c7c52549d7dddc67359dcec29048b97e89ed2,540f5eec0a2d760f56ceb36d0b11e6fc706ffd40,,
10C-REQ-063,02_L1_Reasoning_Plan,L1 cognition,l1.plan.contract_emitted,tests/unit/agentic_core/L1_cognition/test_10c_req_063.py,ops_scripts/ci/check_10c_pilot_proof_evidence.py,PROOF_PRESENT,ACCEPTED,E4_NEGATIVE_CONTROL,EVIDENCE_PRESENT,NO_SPANS_EMITTED,0,false,4f53cda18c2baa0c0354bb5f9a3ecbe5ed12ab4d8e11ba873c2f11161202b945,,0,1084fc639bbe85b408827e41786baed0f4bb81341bccdc44179b3c67c05f4b92,540f5eec0a2d760f56ceb36d0b11e6fc706ffd40,,
10C-REQ-064,02_L1_Reasoning_Plan,L1 cognition,l1.plan.contract_emitted,tests/unit/agentic_core/L1_cognition/test_10c_req_064.py,ops_scripts/ci/check_10c_pilot_proof_evidence.py,PROOF_PRESENT,ACCEPTED,E4_NEGATIVE_CONTROL,EVIDENCE_PRESENT,NO_SPANS_EMITTED,0,false,4f53cda18c2baa0c0354bb5f9a3ecbe5ed12ab4d8e11ba873c2f11161202b945,,0,f92dc23d7b7eba332e881c240fc8e8429b26e88896f5394af509f3255ac6cc49,25328cee11659a58489036058ef1acb9389ed12f,,
10C-REQ-065,02_L1_Reasoning_Plan,L1 cognition,l1.plan.contract_emitted,tests/unit/agentic_core/L1_cognition/test_10c_req_065.py,ops_scripts/ci/check_10c_pilot_proof_evidence.py,PROOF_PRESENT,ACCEPTED,E4_NEGATIVE_CONTROL,EVIDENCE_PRESENT,NO_SPANS_EMITTED,0,false,4f53cda18c2baa0c0354bb5f9a3ecbe5ed12ab4d8e11ba873c2f11161202b945,,0,5606be76540628621788346eef72381ba5c749f50cae5876af2a5ea403a744b6,40a993fbedf5dec115894569b0975ecd6ea6d889,,
10C-REQ-066,02_L1_Reasoning_Plan,L1 cognition,l1.plan.contract_emitted,tests/unit/agentic_core/L1_cognition/test_10c_req_066.py,ops_scripts/ci/check_10c_pilot_proof_evidence.py,PROOF_PRESENT,ACCEPTED,E4_NEGATIVE_CONTROL,EVIDENCE_PRESENT,NO_SPANS_EMITTED,0,false,4f53cda18c2baa0c0354bb5f9a3ecbe5ed12ab4d8e11ba873c2f11161202b945,,0,5ca59fa749bd2e8fe6c50f176405c6b832a0b960c2a9e70b307ed20bb20304f3,40a993fbedf5dec115894569b0975ecd6ea6d889,,
10C-REQ-067,02_L1_Reasoning_Plan,L1 cognition,l1.plan.contract_emitted,tests/unit/agentic_core/L1_cognition/test_10c_req_067.py,ops_scripts/ci/check_10c_pilot_proof_evidence.py,PROOF_PRESENT,ACCEPTED,E4_NEGATIVE_CONTROL,EVIDENCE_PRESENT,NO_SPANS_EMITTED,0,false,4f53cda18c2baa0c0354bb5f9a3ecbe5ed12ab4d8e11ba873c2f11161202b945,,0,a699ae5c6ebdef3de57cc874fd3bae57bd79437359518de51118b1866cb3ba3e,540f5eec0a2d760f56ceb36d0b11e6fc706ffd40,,
10C-REQ-068,02_L1_Reasoning_Plan,L1 cognition,l1.plan.contract_emitted,tests/unit/agentic_core/L1_cognition/test_10c_req_068.py,ops_scripts/ci/check_10c_pilot_proof_evidence.py,PROOF_PRESENT,ACCEPTED,E4_NEGATIVE_CONTROL,EVIDENCE_PRESENT,NO_SPANS_EMITTED,0,false,4f53cda18c2baa0c0354bb5f9a3ecbe5ed12ab4d8e11ba873c2f11161202b945,,0,e3c7488d83e2cb7e05ea67c16b0b3b29957e4049da370dd7cc807fb1ac3b0d32,40a993fbedf5dec115894569b0975ecd6ea6d889,,
10C-REQ-069,02_L1_Reasoning_Plan,L1 cognition,l1.plan.contract_emitted,tests/unit/agentic_core/L1_cognition/test_10c_req_069.py,ops_scripts/ci/check_10c_pilot_proof_evidence.py,PROOF_PRESENT,ACCEPTED,E4_NEGATIVE_CONTROL,EVIDENCE_PRESENT,NO_SPANS_EMITTED,0,false,4f53cda18c2baa0c0354bb5f9a3ecbe5ed12ab4d8e11ba873c2f11161202b945,,0,1ba847e9da193035a9b67c365173afb22e06c9f5f48a6b6a77f1fe5d7e1f0cea,40a993fbedf5dec115894569b0975ecd6ea6d889,,
10C-REQ-070,02_L1_Reasoning_Plan,L1 cognition,l1.plan.contract_emitted,tests/unit/agentic_core/L1_cognition/test_10c_req_070.py,ops_scripts/ci/check_10c_pilot_proof_evidence.py,PROOF_PRESENT,ACCEPTED,E4_NEGATIVE_CONTROL,EVIDENCE_PRESENT,NO_SPANS_EMITTED,0,false,4f53cda18c2baa0c0354bb5f9a3ecbe5ed12ab4d8e11ba873c2f11161202b945,,0,0e02d514bbd756e234859d93cd0e94d5d16f28c7371eb4325915daa8ddc5a27a,40a993fbedf5dec115894569b0975ecd6ea6d889,,
10C-REQ-071,02_L1_Reasoning_Plan,L1 cognition,l1.plan.contract_emitted,tests/unit/agentic_core/L1_cognition/test_10c_req_071.py,ops_scripts/ci/check_10c_pilot_proof_evidence.py,PROOF_PRESENT,ACCEPTED,E4_NEGATIVE_CONTROL,EVIDENCE_PRESENT,NO_SPANS_EMITTED,0,false,4f53cda18c2baa0c0354bb5f9a3ecbe5ed12ab4d8e11ba873c2f11161202b945,,0,d10b16333158f0aa8a243143f5c28f0f9b6e4640e85d58f3430fa650eb2d8f0a,540f5eec0a2d760f56ceb36d0b11e6fc706ffd40,,
10C-REQ-072,02_L1_Reasoning_Plan,L1 cognition,l1.plan.contract_emitted,tests/unit/agentic_core/L1_cognition/test_10c_req_072.py,ops_scripts/ci/check_10c_pilot_proof_evidence.py,PROOF_PRESENT,ACCEPTED,E4_NEGATIVE_CONTROL,EVIDENCE_PRESENT,NO_SPANS_EMITTED,0,false,4f53cda18c2baa0c0354bb5f9a3ecbe5ed12ab4d8e11ba873c2f11161202b945,,0,116b4423843b99b1a5ea788fff42ad283a5e0845893836f24ae67bf0ab10da88,540f5eec0a2d760f56ceb36d0b11e6fc706ffd40,,
10C-REQ-073,02_L1_Reasoning_Plan,L1 cognition,l1.plan.contract_emitted,tests/unit/agentic_core/L1_cognition/test_10c_req_073.py,ops_scripts/ci/check_10c_pilot_proof_evidence.py,PROOF_PRESENT,ACCEPTED,E4_NEGATIVE_CONTROL,EVIDENCE_PRESENT,NO_SPANS_EMITTED,0,false,4f53cda18c2baa0c0354bb5f9a3ecbe5ed12ab4d8e11ba873c2f11161202b945,,0,0c30622773fdc12918187783f9fe9b6c755fab43b9dde03eb848b08f184eb355,540f5eec0a2d760f56ceb36d0b11e6fc706ffd40,,
10C-REQ-074,02_L1_Reasoning_Plan,L1 cognition,l1.plan.contract_emitted,tests/unit/agentic_core/L1_cognition/test_10c_req_074.py,ops_scripts/ci/check_10c_pilot_proof_evidence.py,PROOF_PRESENT,ACCEPTED,E4_NEGATIVE_CONTROL,EVIDENCE_PRESENT,NO_SPANS_EMITTED,0,false,4f53cda18c2baa0c0354bb5f9a3ecbe5ed12ab4d8e11ba873c2f11161202b945,,0,82ba6bdfa0e09fb107649ee7b8f68cfd252d7fa5af35211afb83053b1228f376,25328cee11659a58489036058ef1acb9389ed12f,,
10C-REQ-075,03_L0_Route_Decision,L0 routing,l0.route.contract_emitted,tests/unit/agentic_core/L0_routing/test_10c_req_075.py,ops_scripts/ci/check_10c_pilot_proof_evidence.py,PROOF_PRESENT,ACCEPTED,E4_NEGATIVE_CONTROL,EVIDENCE_PRESENT,NO_SPANS_EMITTED,0,false,4f53cda18c2baa0c0354bb5f9a3ecbe5ed12ab4d8e11ba873c2f11161202b945,,0,78831679d8a818789380e84058fdd29dc75f1b195410feb6b68bdf5ac12a800e,25328cee11659a58489036058ef1acb9389ed12f,,
10C-REQ-076,03_L0_Route_Decision,L0 routing,l0.route.contract_emitted,tests/unit/agentic_core/L0_routing/test_10c_req_076.py,ops_scripts/ci/check_10c_pilot_proof_evidence.py,PROOF_PRESENT,ACCEPTED,E4_NEGATIVE_CONTROL,EVIDENCE_PRESENT,NO_SPANS_EMITTED,0,false,4f53cda18c2baa0c0354bb5f9a3ecbe5ed12ab4d8e11ba873c2f11161202b945,,0,11cac48aaa5bb0833c3305003e47a98ccbec654c5c5bf04404c112e9c7f8a132,540f5eec0a2d760f56ceb36d0b11e6fc706ffd40,,
10C-REQ-077,03_L0_Route_Decision,L0 routing,l0.route.contract_emitted,tests/unit/agentic_core/L0_routing/test_10c_req_077.py,ops_scripts/ci/check_10c_pilot_proof_evidence.py,PROOF_PRESENT,ACCEPTED,E5_COMPOSITION_PROOF,EVIDENCE_PRESENT,NO_SPANS_EMITTED,0,false,4f53cda18c2baa0c0354bb5f9a3ecbe5ed12ab4d8e11ba873c2f11161202b945,SATISFIED,3,7ae4a1e13800fb86db661e584738aa8d4fcbbb2763b59d5a59d6bebb12028c04,540f5eec0a2d760f56ceb36d0b11e6fc706ffd40,,
10C-REQ-078,03_L0_Route_Decision,L0 routing,l0.route.contract_emitted,tests/unit/agentic_core/L0_routing/test_10c_req_078.py,ops_scripts/ci/check_10c_pilot_proof_evidence.py,PROOF_PRESENT,ACCEPTED,E4_NEGATIVE_CONTROL,EVIDENCE_PRESENT,NO_SPANS_EMITTED,0,false,4f53cda18c2baa0c0354bb5f9a3ecbe5ed12ab4d8e11ba873c2f11161202b945,,0,61a787fcc6fe91040e8ff078897e9efc09a35fcd6afacb532b21b06e7705a981,540f5eec0a2d760f56ceb36d0b11e6fc706ffd40,,
10C-REQ-079,03_L0_Route_Decision,L0 routing,l0.route.contract_emitted,tests/unit/agentic_core/L0_routing/test_10c_req_079.py,ops_scripts/ci/check_10c_pilot_proof_evidence.py,PROOF_PRESENT,ACCEPTED,E4_NEGATIVE_CONTROL,EVIDENCE_PRESENT,NO_SPANS_EMITTED,0,false,4f53cda18c2baa0c0354bb5f9a3ecbe5ed12ab4d8e11ba873c2f11161202b945,,0,1d75ada7e3cdd076cd07cc95fc8a64ca117ae6e0ab153b0ff6d681ccdd9e6a80,540f5eec0a2d760f56ceb36d0b11e6fc706ffd40,,
10C-REQ-080,03_L0_Route_Decision,L0 routing,l0.route.contract_emitted,tests/unit/agentic_core/L0_routing/test_10c_req_080.py,ops_scripts/ci/check_10c_pilot_proof_evidence.py,PROOF_PRESENT,ACCEPTED,E4_NEGATIVE_CONTROL,EVIDENCE_PRESENT,NO_SPANS_EMITTED,0,false,4f53cda18c2baa0c0354bb5f9a3ecbe5ed12ab4d8e11ba873c2f11161202b945,,0,715de691b6499b15f929c862a46aa71e74e8941cd6b5801a60cf327a51828c5c,540f5eec0a2d760f56ceb36d0b11e6fc706ffd40,,
10C-REQ-081,03A_C0_Context_Engine,C0 context engine,c0.evidence.contract_emitted,tests/unit/agentic_core/L1_cognition/c0_context/test_10c_req_081.py,ops_scripts/ci/check_10c_pilot_proof_evidence.py,PROOF_PRESENT,ACCEPTED,E4_NEGATIVE_CONTROL,EVIDENCE_PRESENT,NO_SPANS_EMITTED,0,false,4f53cda18c2baa0c0354bb5f9a3ecbe5ed12ab4d8e11ba873c2f11161202b945,,0,5960d6e29aa4bd0315ab89b5f0f8ca8f1f6ee76ac4762136f8481b4f425824b6,40a993fbedf5dec115894569b0975ecd6ea6d889,,
10C-REQ-082,03A_C0_Context_Engine,C0 context engine,c0.evidence.contract_emitted,tests/unit/agentic_core/L1_cognition/c0_context/test_10c_req_082.py,ops_scripts/ci/check_10c_pilot_proof_evidence.py,PROOF_PRESENT,ACCEPTED,E4_NEGATIVE_CONTROL,EVIDENCE_PRESENT,NO_SPANS_EMITTED,0,false,4f53cda18c2baa0c0354bb5f9a3ecbe5ed12ab4d8e11ba873c2f11161202b945,,0,a50a8eaab40994952b43887d2c59e294f3505affa252f8d15cc1aa1d57fd926c,40a993fbedf5dec115894569b0975ecd6ea6d889,,
10C-REQ-083,03A_C0_Context_Engine,C0 context engine,c0.evidence.contract_emitted,tests/unit/agentic_core/L1_cognition/c0_context/test_10c_req_083.py,ops_scripts/ci/check_10c_pilot_proof_evidence.py,PROOF_PRESENT,ACCEPTED,E4_NEGATIVE_CONTROL,EVIDENCE_PRESENT,NO_SPANS_EMITTED,0,false,4f53cda18c2baa0c0354bb5f9a3ecbe5ed12ab4d8e11ba873c2f11161202b945,,0,4d59d86be2b5f2d9b40263ca7ff187239752d65e21752152999309254496bee8,40a993fbedf5dec115894569b0975ecd6ea6d889,,
10C-REQ-084,03A_C0_Context_Engine,C0 context engine,c0.evidence.contract_emitted,tests/unit/agentic_core/L1_cognition/c0_context/test_10c_req_084.py,ops_scripts/ci/check_10c_pilot_proof_evidence.py,PROOF_PRESENT,ACCEPTED,E4_NEGATIVE_CONTROL,EVIDENCE_PRESENT,NO_SPANS_EMITTED,0,false,4f53cda18c2baa0c0354bb5f9a3ecbe5ed12ab4d8e11ba873c2f11161202b945,,0,dd46c047f239c043e8400d4ab3ac306e13fefd900e8a9636ed1ccc3fbb5d3a57,40a993fbedf5dec115894569b0975ecd6ea6d889,,
10C-REQ-085,03B_PA_Prompt_Assembly,prompt assembly,pa.prompt.compiled_artifact_emitted,tests/unit/agentic_core/L1_cognition/prompt_assembly/test_10c_req_085.py,ops_scripts/ci/check_10c_pilot_proof_evidence.py,PROOF_PRESENT,ACCEPTED,E4_NEGATIVE_CONTROL,EVIDENCE_PRESENT,NO_SPANS_EMITTED,0,false,4f53cda18c2baa0c0354bb5f9a3ecbe5ed12ab4d8e11ba873c2f11161202b945,,0,fff381cc2854283b134acee52563000f592a0d0368156add21b353b762742f0c,540f5eec0a2d760f56ceb36d0b11e6fc706ffd40,,
10C-REQ-086,03B_PA_Prompt_Assembly,prompt assembly,pa.prompt.compiled_artifact_emitted,tests/unit/agentic_core/L1_cognition/prompt_assembly/test_10c_req_086.py,ops_scripts/ci/check_10c_pilot_proof_evidence.py,PROOF_PRESENT,ACCEPTED,E4_NEGATIVE_CONTROL,EVIDENCE_PRESENT,NO_SPANS_EMITTED,0,false,4f53cda18c2baa0c0354bb5f9a3ecbe5ed12ab4d8e11ba873c2f11161202b945,,0,534905574762d39d2bc35db2c4298cded8a74427f46c40a4fb9a205249da74fc,132fecde8fe0ee12880968ec08a89dc35b955010,,
10C-REQ-087,03B_PA_Prompt_Assembly,prompt assembly,pa.prompt.compiled_artifact_emitted,tests/unit/agentic_core/L1_cognition/prompt_assembly/test_10c_req_087.py,ops_scripts/ci/check_10c_pilot_proof_evidence.py,PROOF_PRESENT,ACCEPTED,E4_NEGATIVE_CONTROL,EVIDENCE_PRESENT,NO_SPANS_EMITTED,0,false,4f53cda18c2baa0c0354bb5f9a3ecbe5ed12ab4d8e11ba873c2f11161202b945,,0,190371e63e5bf552670f5147f82fad32473c33d8aaccfbad3bbc74c788cd5ee4,540f5eec0a2d760f56ceb36d0b11e6fc706ffd40,,
10C-REQ-088,03B_PA_Prompt_Assembly,prompt assembly,pa.prompt.compiled_artifact_emitted,tests/unit/agentic_core/L1_cognition/prompt_assembly/test_10c_req_088.py,ops_scripts/ci/check_10c_pilot_proof_evidence.py,PROOF_PRESENT,ACCEPTED,E4_NEGATIVE_CONTROL,EVIDENCE_PRESENT,NO_SPANS_EMITTED,0,false,4f53cda18c2baa0c0354bb5f9a3ecbe5ed12ab4d8e11ba873c2f11161202b945,,0,16ff51629f99d694ba56d41c9df468bcb0eeb5f32bc0a16311375076e15844e8,540f5eec0a2d760f56ceb36d0b11e6fc706ffd40,,
10C-REQ-089,04_L2_Execute,L2 execution,l2.execution.attempt,tests/unit/agentic_core/L2_execution/test_10c_req_089.py,ops_scripts/ci/check_10c_pilot_proof_evidence.py,PROOF_PRESENT,ACCEPTED,E4_NEGATIVE_CONTROL,EVIDENCE_PRESENT,NO_SPANS_EMITTED,0,false,4f53cda18c2baa0c0354bb5f9a3ecbe5ed12ab4d8e11ba873c2f11161202b945,,0,3a85763059f0989ecd99266dcddd33dde0f3329e77f84d9db9a5f279aeffe5de,132fecde8fe0ee12880968ec08a89dc35b955010,,
10C-REQ-090,04_L2_Execute,L2 execution,l2.execution.prep,tests/unit/agentic_core/L2_execution/test_10c_req_090.py,ops_scripts/ci/check_10c_pilot_proof_evidence.py,PROOF_PRESENT,ACCEPTED,E4_NEGATIVE_CONTROL,EVIDENCE_PRESENT,NO_SPANS_EMITTED,0,false,4f53cda18c2baa0c0354bb5f9a3ecbe5ed12ab4d8e11ba873c2f11161202b945,,0,6962eefb0c0b0343afb3655b9cbb384e77b0f8581e27da38ca744cc5e38f9d47,540f5eec0a2d760f56ceb36d0b11e6fc706ffd40,,
10C-REQ-091,04_L2_Execute,L2 execution,l2.execution.prep,tests/unit/agentic_core/L2_execution/test_10c_req_091.py,ops_scripts/ci/check_10c_pilot_proof_evidence.py,PROOF_PRESENT,ACCEPTED,E4_NEGATIVE_CONTROL,EVIDENCE_PRESENT,NO_SPANS_EMITTED,0,false,4f53cda18c2baa0c0354bb5f9a3ecbe5ed12ab4d8e11ba873c2f11161202b945,,0,984e49c8cef2538b5323b94e5970798b8b7cfc534babf356073c1b294d8e6456,540f5eec0a2d760f56ceb36d0b11e6fc706ffd40,,
10C-REQ-092,04_L2_Execute,L2 execution,l2.execution.attempt,tests/unit/agentic_core/L2_execution/test_10c_req_092.py,ops_scripts/ci/check_10c_pilot_proof_evidence.py,PROOF_PRESENT,ACCEPTED,E4_NEGATIVE_CONTROL,EVIDENCE_PRESENT,NO_SPANS_EMITTED,0,false,4f53cda18c2baa0c0354bb5f9a3ecbe5ed12ab4d8e11ba873c2f11161202b945,,0,8730a0cd2c18d1c44c3a35440df086bf5071fcd2dc0878aec3e505754b0e4676,540f5eec0a2d760f56ceb36d0b11e6fc706ffd40,,
10C-REQ-093,04_L2_Execute,L2 execution,l2.execution.heal,tests/unit/agentic_core/L2_execution/test_10c_req_093.py,ops_scripts/ci/check_10c_pilot_proof_evidence.py,PROOF_PRESENT,ACCEPTED,E4_NEGATIVE_CONTROL,EVIDENCE_PRESENT,NO_SPANS_EMITTED,0,false,4f53cda18c2baa0c0354bb5f9a3ecbe5ed12ab4d8e11ba873c2f11161202b945,,0,6d5560e75ea94b6eadd259eadd55582be4a6256572e2fa04d4be0dbb8b717abf,540f5eec0a2d760f56ceb36d0b11e6fc706ffd40,,
10C-REQ-094,04_L2_Execute,L2 execution,l2.execution.sealed,tests/unit/agentic_core/L2_execution/test_10c_req_094.py,ops_scripts/ci/check_10c_pilot_proof_evidence.py,PROOF_PRESENT,ACCEPTED,E4_NEGATIVE_CONTROL,EVIDENCE_PRESENT,NO_SPANS_EMITTED,0,false,4f53cda18c2baa0c0354bb5f9a3ecbe5ed12ab4d8e11ba873c2f11161202b945,,0,1e404737158a1b73f0f841dc7d8709cb76952df1cc1cff2792cf87b1fa3dc92b,540f5eec0a2d760f56ceb36d0b11e6fc706ffd40,,
10C-REQ-095,05_Exit_Evaluation_and_Control,L5 exit control,exit.x1.gates_evaluated,tests/unit/agentic_core/L5_safety/exit_control/test_10c_req_095.py,ops_scripts/ci/check_10c_pilot_proof_evidence.py,PROOF_PRESENT,ACCEPTED,E4_NEGATIVE_CONTROL,EVIDENCE_PRESENT,NO_SPANS_EMITTED,0,false,4f53cda18c2baa0c0354bb5f9a3ecbe5ed12ab4d8e11ba873c2f11161202b945,,0,ed5335ac841ea0776fb67ba69be597f9790af69d06c339a8116c0c40fb1ccbf3,540f5eec0a2d760f56ceb36d0b11e6fc706ffd40,,
10C-REQ-096,05_Exit_Evaluation_and_Control,L5 exit control,exit.x1.gates_evaluated,tests/unit/agentic_core/L5_safety/exit_control/test_10c_req_096.py,ops_scripts/ci/check_10c_pilot_proof_evidence.py,PROOF_PRESENT,ACCEPTED,E4_NEGATIVE_CONTROL,EVIDENCE_PRESENT,NO_SPANS_EMITTED,0,false,4f53cda18c2baa0c0354bb5f9a3ecbe5ed12ab4d8e11ba873c2f11161202b945,,0,7402788f65a27e1ad4c08f0f0c86c2cbb6191908a8e859dc4026c5a00c0e5188,540f5eec0a2d760f56ceb36d0b11e6fc706ffd40,,
10C-REQ-097,05_Exit_Evaluation_and_Control,L5 exit control,exit.x1.gates_evaluated,tests/unit/agentic_core/L5_safety/exit_control/test_10c_req_097.py,ops_scripts/ci/check_10c_pilot_proof_evidence.py,PROOF_PRESENT,ACCEPTED,E4_NEGATIVE_CONTROL,EVIDENCE_PRESENT,NO_SPANS_EMITTED,0,false,4f53cda18c2baa0c0354bb5f9a3ecbe5ed12ab4d8e11ba873c2f11161202b945,,0,30a93e26dc051c82a88b68d6cd0fd2a8ef78dc0443fe19d15d1cfcca1ae44f4f,540f5eec0a2d760f56ceb36d0b11e6fc706ffd40,,
10C-REQ-098,05_Exit_Evaluation_and_Control,L5 exit control,exit.x1.gates_evaluated,tests/unit/agentic_core/L5_safety/exit_control/test_10c_req_098.py,ops_scripts/ci/check_10c_pilot_proof_evidence.py,PROOF_PRESENT,ACCEPTED,E4_NEGATIVE_CONTROL,EVIDENCE_PRESENT,NO_SPANS_EMITTED,0,false,4f53cda18c2baa0c0354bb5f9a3ecbe5ed12ab4d8e11ba873c2f11161202b945,,0,51861f53403ff4ca41d7e07036e9cc4542c8a13a0d8e2cd713eecc47bd26c0d1,540f5eec0a2d760f56ceb36d0b11e6fc706ffd40,,
10C-REQ-099,05_Exit_Evaluation_and_Control,L5 exit control,exit.x3.disposition_emitted,tests/unit/agentic_core/L5_safety/exit_control/test_10c_req_099.py,ops_scripts/ci/check_10c_pilot_proof_evidence.py,PROOF_PRESENT,ACCEPTED,E4_NEGATIVE_CONTROL,EVIDENCE_PRESENT,NO_SPANS_EMITTED,0,false,4f53cda18c2baa0c0354bb5f9a3ecbe5ed12ab4d8e11ba873c2f11161202b945,,0,5a779761c98bb81c24c1d6afc4a40ebdca9f1f0dbeb1f527d659fe111f6cb61e,25328cee11659a58489036058ef1acb9389ed12f,,
10C-REQ-100,00A_L5_Governance_Safety,HITL L5,l5.hitl.escalation_recorded,tests/unit/agentic_core/L5_safety/test_10c_req_100.py,ops_scripts/ci/check_10c_pilot_proof_evidence.py,PROOF_PRESENT,ACCEPTED,E4_NEGATIVE_CONTROL,EVIDENCE_PRESENT,NO_SPANS_EMITTED,0,false,4f53cda18c2baa0c0354bb5f9a3ecbe5ed12ab4d8e11ba873c2f11161202b945,,0,42fe4789a921a719471524bd98cd0a836dba353cc758c06b8f40d5f17d0187c7,96712ddce297fcc14ee6910f9401640ffea1c42c,,
10C-REQ-101,00A_L5_Governance_Safety,HITL L5,l5.hitl.escalation_recorded,tests/unit/agentic_core/L5_safety/test_10c_req_101.py,ops_scripts/ci/check_10c_pilot_proof_evidence.py,PROOF_PRESENT,ACCEPTED,E4_NEGATIVE_CONTROL,EVIDENCE_PRESENT,NO_SPANS_EMITTED,0,false,4f53cda18c2baa0c0354bb5f9a3ecbe5ed12ab4d8e11ba873c2f11161202b945,,0,03c1e763f79f2e26d39661c9e25b2627a0e31a7c1005b9c9680ec2586c441e33,96712ddce297fcc14ee6910f9401640ffea1c42c,,
10C-REQ-102,00A_L5_Governance_Safety,HITL human,l5.hitl.escalation_recorded,tests/unit/agentic_core/L5_safety/test_10c_req_102.py,ops_scripts/ci/check_10c_pilot_proof_evidence.py,PROOF_PRESENT,ACCEPTED,E4_NEGATIVE_CONTROL,EVIDENCE_PRESENT,NO_SPANS_EMITTED,0,false,4f53cda18c2baa0c0354bb5f9a3ecbe5ed12ab4d8e11ba873c2f11161202b945,,0,14c37cba90a0e419a204cbf65806b1c044e4c771a11082eb7e5ade677da12068,96712ddce297fcc14ee6910f9401640ffea1c42c,,
10C-REQ-103,00A_L5_Governance_Safety,L5 re-clearance,l5.certification.evidence_emitted,tests/unit/agentic_core/L5_safety/test_10c_req_103.py,ops_scripts/ci/check_10c_pilot_proof_evidence.py,PROOF_PRESENT,ACCEPTED,E4_NEGATIVE_CONTROL,EVIDENCE_PRESENT,NO_SPANS_EMITTED,0,false,4f53cda18c2baa0c0354bb5f9a3ecbe5ed12ab4d8e11ba873c2f11161202b945,,0,c1dd71ba2bf8912d45b04bcb5c97dae8e0ec381b7390f60a9348d561205a7e76,25328cee11659a58489036058ef1acb9389ed12f,,
10C-REQ-104,06_L6_Shadow_Evaluation_System_Learning,L6 shadow eval,l6.learning.proposal_emitted,tests/unit/agentic_core/L6_observability/test_10c_req_104.py,ops_scripts/ci/check_10c_pilot_proof_evidence.py,PROOF_PRESENT,ACCEPTED,E4_NEGATIVE_CONTROL,EVIDENCE_PRESENT,NO_SPANS_EMITTED,0,false,4f53cda18c2baa0c0354bb5f9a3ecbe5ed12ab4d8e11ba873c2f11161202b945,,0,01dcf50b8b5606217f19c209a84c88557c50af3a6cac0ed7be2acf694148d837,540f5eec0a2d760f56ceb36d0b11e6fc706ffd40,,
10C-REQ-105,06_L6_Shadow_Evaluation_System_Learning,L6 shadow eval,l6.learning.proposal_emitted,tests/unit/agentic_core/L6_observability/test_10c_req_105.py,ops_scripts/ci/check_10c_pilot_proof_evidence.py,PROOF_PRESENT,ACCEPTED,E4_NEGATIVE_CONTROL,EVIDENCE_PRESENT,NO_SPANS_EMITTED,0,false,4f53cda18c2baa0c0354bb5f9a3ecbe5ed12ab4d8e11ba873c2f11161202b945,,0,217531e05a64c67a7a8244684c185112b90119e2d56ace9e1b5e9b7df4993e46,540f5eec0a2d760f56ceb36d0b11e6fc706ffd40,,
10C-REQ-106,06_L6_Shadow_Evaluation_System_Learning,L6 shadow eval,l6.learning.proposal_emitted,tests/unit/agentic_core/L6_observability/test_10c_req_106.py,ops_scripts/ci/check_10c_pilot_proof_evidence.py,PROOF_PRESENT,ACCEPTED,E4_NEGATIVE_CONTROL,EVIDENCE_PRESENT,NO_SPANS_EMITTED,0,false,4f53cda18c2baa0c0354bb5f9a3ecbe5ed12ab4d8e11ba873c2f11161202b945,,0,a0b0560afb9f4627f7cc6461bdb15bedfb7a6d44c6e44bdc311d4cbb6b43075b,3324888db4e60267618b09af1a40525642fcea86,,
10C-REQ-107,06_L6_Shadow_Evaluation_System_Learning,L6 shadow eval,l6.learning.proposal_emitted,tests/unit/agentic_core/L6_observability/test_10c_req_107.py,ops_scripts/ci/check_10c_pilot_proof_evidence.py,PROOF_PRESENT,ACCEPTED,E4_NEGATIVE_CONTROL,EVIDENCE_PRESENT,NO_SPANS_EMITTED,0,false,4f53cda18c2baa0c0354bb5f9a3ecbe5ed12ab4d8e11ba873c2f11161202b945,,0,5da04818dece6d280cedc06e56a1b00384d749990111a393aed2f83afc08b9d3,3324888db4e60267618b09af1a40525642fcea86,,
10C-REQ-108,06_L6_Shadow_Evaluation_System_Learning,L6 shadow eval,l6.learning.proposal_emitted,tests/unit/agentic_core/L6_observability/test_10c_req_108.py,ops_scripts/ci/check_10c_pilot_proof_evidence.py,PROOF_PRESENT,ACCEPTED,E4_NEGATIVE_CONTROL,EVIDENCE_PRESENT,NO_SPANS_EMITTED,0,false,4f53cda18c2baa0c0354bb5f9a3ecbe5ed12ab4d8e11ba873c2f11161202b945,,0,91a4d012a8db3c1143315b8b1a04857ca4fd00e8ea5c805e2ff664d512f71fb6,3324888db4e60267618b09af1a40525642fcea86,,
10C-REQ-109,06_L6_Shadow_Evaluation_System_Learning,L6 shadow eval,l6.learning.proposal_emitted,tests/unit/agentic_core/L6_observability/test_10c_req_109.py,ops_scripts/ci/check_10c_pilot_proof_evidence.py,PROOF_PRESENT,ACCEPTED,E4_NEGATIVE_CONTROL,EVIDENCE_PRESENT,NO_SPANS_EMITTED,0,false,4f53cda18c2baa0c0354bb5f9a3ecbe5ed12ab4d8e11ba873c2f11161202b945,,0,953145db2ffed0ca1c0446e0b491e0ae009ae9b81ebb33d253dd22efb1225a37,540f5eec0a2d760f56ceb36d0b11e6fc706ffd40,,
10C-REQ-110,00A_L5_Governance_Safety,C0 governance,l5.certification.evidence_emitted,tests/unit/agentic_core/L5_safety/test_10c_req_110.py,ops_scripts/ci/check_10c_pilot_proof_evidence.py,PROOF_PRESENT,ACCEPTED,E4_NEGATIVE_CONTROL,EVIDENCE_PRESENT,NO_SPANS_EMITTED,0,false,4f53cda18c2baa0c0354bb5f9a3ecbe5ed12ab4d8e11ba873c2f11161202b945,,0,9ed7cf98d2a15f8fd4ebcca4d1fac0211b3b0d3e8c8d2b38d49bec404cdc8e32,96712ddce297fcc14ee6910f9401640ffea1c42c,,
10C-REQ-111,00A_L5_Governance_Safety,C0 governance,l5.certification.evidence_emitted,tests/unit/agentic_core/L5_safety/test_10c_req_111.py,ops_scripts/ci/check_10c_pilot_proof_evidence.py,PROOF_PRESENT,ACCEPTED,E4_NEGATIVE_CONTROL,EVIDENCE_PRESENT,NO_SPANS_EMITTED,0,false,4f53cda18c2baa0c0354bb5f9a3ecbe5ed12ab4d8e11ba873c2f11161202b945,,0,62b86801783f5927d31bf07f47a8d66b023d7dec31fae2357025f082d82a6a4c,96712ddce297fcc14ee6910f9401640ffea1c42c,,
10C-REQ-112,00A_L5_Governance_Safety,C0 governance,l5.certification.evidence_emitted,tests/unit/agentic_core/L5_safety/test_10c_req_112.py,ops_scripts/ci/check_10c_pilot_proof_evidence.py,PROOF_PRESENT,ACCEPTED,E4_NEGATIVE_CONTROL,EVIDENCE_PRESENT,NO_SPANS_EMITTED,0,false,4f53cda18c2baa0c0354bb5f9a3ecbe5ed12ab4d8e11ba873c2f11161202b945,,0,b32acf0cd24b55f5c67360508f8c97adb87400141839e70ef43978aaf7884a71,96712ddce297fcc14ee6910f9401640ffea1c42c,,
10C-REQ-113,00A_L5_Governance_Safety,C0 governance,l5.certification.evidence_emitted,tests/unit/agentic_core/L5_safety/test_10c_req_113.py,ops_scripts/ci/check_10c_pilot_proof_evidence.py,PROOF_PRESENT,ACCEPTED,E4_NEGATIVE_CONTROL,EVIDENCE_PRESENT,NO_SPANS_EMITTED,0,false,4f53cda18c2baa0c0354bb5f9a3ecbe5ed12ab4d8e11ba873c2f11161202b945,,0,b32423d06698bdaa98a9c532c9197b778939af864cd7e258d96439e51ad86e11,96712ddce297fcc14ee6910f9401640ffea1c42c,,
10C-REQ-114,00A_L5_Governance_Safety,C0 governance,l5.certification.evidence_emitted,tests/unit/agentic_core/L5_safety/test_10c_req_114.py,ops_scripts/ci/check_10c_pilot_proof_evidence.py,PROOF_PRESENT,ACCEPTED,E4_NEGATIVE_CONTROL,EVIDENCE_PRESENT,NO_SPANS_EMITTED,0,false,4f53cda18c2baa0c0354bb5f9a3ecbe5ed12ab4d8e11ba873c2f11161202b945,,0,f0d5313672f88e39547c087a8225133ce82bae8637804e9abb41e9a447917920,96712ddce297fcc14ee6910f9401640ffea1c42c,,
10C-REQ-115,00A_L5_Governance_Safety,C0 governance,l5.certification.evidence_emitted,tests/unit/agentic_core/L5_safety/test_10c_req_115.py,ops_scripts/ci/check_10c_pilot_proof_evidence.py,PROOF_PRESENT,ACCEPTED,E4_NEGATIVE_CONTROL,EVIDENCE_PRESENT,NO_SPANS_EMITTED,0,false,4f53cda18c2baa0c0354bb5f9a3ecbe5ed12ab4d8e11ba873c2f11161202b945,,0,56f1506dc14b6b91e3939a185f3bfbbcc7f0268088deb99d6957fe01acd5bfbf,96712ddce297fcc14ee6910f9401640ffea1c42c,,
10C-REQ-116,00A_L5_Governance_Safety,C0 governance,l5.certification.evidence_emitted,tests/unit/agentic_core/L5_safety/test_10c_req_116.py,ops_scripts/ci/check_10c_pilot_proof_evidence.py,PROOF_PRESENT,ACCEPTED,E4_NEGATIVE_CONTROL,EVIDENCE_PRESENT,NO_SPANS_EMITTED,0,false,4f53cda18c2baa0c0354bb5f9a3ecbe5ed12ab4d8e11ba873c2f11161202b945,,0,c9118fa39cd5b693c341bc54aa78da1763a191e15e5d8b272802e28328bc5a1f,25328cee11659a58489036058ef1acb9389ed12f,,
10C-REQ-117,00A_L5_Governance_Safety,L5/L3/L0,l5.certification.evidence_emitted,tests/unit/agentic_core/L5_safety/test_10c_req_117.py,ops_scripts/ci/check_10c_pilot_proof_evidence.py,PROOF_PRESENT,ACCEPTED,E4_NEGATIVE_CONTROL,EVIDENCE_PRESENT,NO_SPANS_EMITTED,0,false,4f53cda18c2baa0c0354bb5f9a3ecbe5ed12ab4d8e11ba873c2f11161202b945,,0,3a8f10f53b34d2278ee6947f7d21e7e552455860158b006d53532ebb5ec3539e,96712ddce297fcc14ee6910f9401640ffea1c42c,,
10C-REQ-118,Cross_Cutting_Observability_Replay_Audit,L5/L3/L0/L2,obs.audit_event.emitted,tests/unit/agentic_core/L6_observability/test_10c_req_118.py,ops_scripts/ci/check_10c_pilot_proof_evidence.py,PROOF_PRESENT,ACCEPTED,E4_NEGATIVE_CONTROL,EVIDENCE_PRESENT,NO_SPANS_EMITTED,0,false,4f53cda18c2baa0c0354bb5f9a3ecbe5ed12ab4d8e11ba873c2f11161202b945,,0,f90cbc32888b49375f7018bd34a1cec453b97b3acab5ff9aebd4a9308ccb085a,540f5eec0a2d760f56ceb36d0b11e6fc706ffd40,,
10C-REQ-119,00A_L5_Governance_Safety,L2/L5,l5.certification.evidence_emitted,tests/unit/agentic_core/L5_safety/test_10c_req_119.py,ops_scripts/ci/check_10c_pilot_proof_evidence.py,PROOF_PRESENT,ACCEPTED,E4_NEGATIVE_CONTROL,EVIDENCE_PRESENT,NO_SPANS_EMITTED,0,false,4f53cda18c2baa0c0354bb5f9a3ecbe5ed12ab4d8e11ba873c2f11161202b945,,0,fd2cbf67e59e99221c9f4fc63ed41374af6373d068caaa969089a0d3c245172a,25328cee11659a58489036058ef1acb9389ed12f,,
10C-REQ-120,00A_L5_Governance_Safety,L2/L5,l5.certification.evidence_emitted,tests/unit/agentic_core/L5_safety/test_10c_req_120.py,ops_scripts/ci/check_10c_pilot_proof_evidence.py,PROOF_PRESENT,ACCEPTED,E4_NEGATIVE_CONTROL,EVIDENCE_PRESENT,NO_SPANS_EMITTED,0,false,4f53cda18c2baa0c0354bb5f9a3ecbe5ed12ab4d8e11ba873c2f11161202b945,,0,3e16b4c7507819a0ec0f945cc5baaaf55012bdd76167fde4f0c9cb4637010165,96712ddce297fcc14ee6910f9401640ffea1c42c,,
10C-REQ-121,06_L6_Shadow_Evaluation_System_Learning,L6,l6.eval.record_sealed,tests/unit/agentic_core/L6_observability/test_10c_req_121.py,ops_scripts/ci/check_10c_pilot_proof_evidence.py,PROOF_PRESENT,ACCEPTED,E4_NEGATIVE_CONTROL,EVIDENCE_PRESENT,NO_SPANS_EMITTED,0,false,4f53cda18c2baa0c0354bb5f9a3ecbe5ed12ab4d8e11ba873c2f11161202b945,,0,31b13303faa75ccffa499751ef5f4ccb93823b799e4cf04b9fb4a26cb96a6b22,3324888db4e60267618b09af1a40525642fcea86,,
10C-REQ-122,00B_L4_State_Archive_and_UWG,L4/UWG,uwg.commit.validated,tests/unit/agentic_core/L4_state/test_10c_req_122.py,ops_scripts/ci/check_10c_pilot_proof_evidence.py,PROOF_PRESENT,ACCEPTED,E4_NEGATIVE_CONTROL,EVIDENCE_PRESENT,NO_SPANS_EMITTED,0,false,4f53cda18c2baa0c0354bb5f9a3ecbe5ed12ab4d8e11ba873c2f11161202b945,,0,a44e0f1e732488a3ffedfe7cb9b98b0d78d07b425bad1936ed3c985bcfa2607a,132fecde8fe0ee12880968ec08a89dc35b955010,,
10C-REQ-123,00B_L4_State_Archive_and_UWG,L4/UWG,uwg.commit.validated,tests/unit/agentic_core/L4_state/test_10c_req_123.py,ops_scripts/ci/check_10c_pilot_proof_evidence.py,PROOF_PRESENT,ACCEPTED,E4_NEGATIVE_CONTROL,EVIDENCE_PRESENT,NO_SPANS_EMITTED,0,false,4f53cda18c2baa0c0354bb5f9a3ecbe5ed12ab4d8e11ba873c2f11161202b945,,0,89339bb46fd2ce26bbb2993f393b5ffc3e556f8cbd6797919625fb1be528546c,3324888db4e60267618b09af1a40525642fcea86,,
10C-REQ-124,00B_L4_State_Archive_and_UWG,L4/UWG,uwg.commit.validated,tests/unit/agentic_core/L4_state/test_10c_req_124.py,ops_scripts/ci/check_10c_pilot_proof_evidence.py,PROOF_PRESENT,ACCEPTED,E4_NEGATIVE_CONTROL,EVIDENCE_PRESENT,NO_SPANS_EMITTED,0,false,4f53cda18c2baa0c0354bb5f9a3ecbe5ed12ab4d8e11ba873c2f11161202b945,,0,96509aa6e0b2af37cd7b6b8723a18cf87f9c1a776b8f3672993c63b3d91b7fdd,3324888db4e60267618b09af1a40525642fcea86,,
10C-REQ-125,00B_L4_State_Archive_and_UWG,L4/UWG,uwg.commit.validated,tests/unit/agentic_core/L4_state/test_10c_req_125.py,ops_scripts/ci/check_10c_pilot_proof_evidence.py,PROOF_PRESENT,ACCEPTED,E4_NEGATIVE_CONTROL,EVIDENCE_PRESENT,NO_SPANS_EMITTED,0,false,4f53cda18c2baa0c0354bb5f9a3ecbe5ed12ab4d8e11ba873c2f11161202b945,,0,7175e8f9bd758f29b9e1ab4655b88e7010a8d3118b0e2bfc427d811d7ddf7336,3324888db4e60267618b09af1a40525642fcea86,,
10C-REQ-126,00B_L4_State_Archive_and_UWG,L4/UWG,uwg.commit.validated,tests/unit/agentic_core/L4_state/test_10c_req_126.py,ops_scripts/ci/check_10c_pilot_proof_evidence.py,PROOF_PRESENT,ACCEPTED,E4_NEGATIVE_CONTROL,EVIDENCE_PRESENT,NO_SPANS_EMITTED,0,false,4f53cda18c2baa0c0354bb5f9a3ecbe5ed12ab4d8e11ba873c2f11161202b945,,0,b335551c56975aba4de19813de2b11bf264cedf12d354047a81de41f337738bd,3324888db4e60267618b09af1a40525642fcea86,,
10C-REQ-127,00B_L4_State_Archive_and_UWG,L4/UWG,uwg.commit.validated,tests/unit/agentic_core/L4_state/test_10c_req_127.py,ops_scripts/ci/check_10c_pilot_proof_evidence.py,PROOF_PRESENT,ACCEPTED,E4_NEGATIVE_CONTROL,EVIDENCE_PRESENT,NO_SPANS_EMITTED,0,false,4f53cda18c2baa0c0354bb5f9a3ecbe5ed12ab4d8e11ba873c2f11161202b945,,0,bd671edd6a7c7da41e347924c0ddd44a52c9334bc7f7d36a062836d62144f594,3324888db4e60267618b09af1a40525642fcea86,,
10C-REQ-128,06_L6_Shadow_Evaluation_System_Learning,L6 observability,l6.eval.record_sealed,tests/unit/agentic_core/L6_observability/test_10c_req_128.py,ops_scripts/ci/check_10c_pilot_proof_evidence.py,PROOF_PRESENT,ACCEPTED,E5_COMPOSITION_PROOF,EVIDENCE_PRESENT,NO_SPANS_EMITTED,0,false,4f53cda18c2baa0c0354bb5f9a3ecbe5ed12ab4d8e11ba873c2f11161202b945,SATISFIED,2,b4ff565dada376710406689bc3e3f304c9e12b19b92a311032734bfc7ec76796,540f5eec0a2d760f56ceb36d0b11e6fc706ffd40,,
10C-REQ-129,06_L6_Shadow_Evaluation_System_Learning,L6 observability,l6.eval.record_sealed,tests/unit/agentic_core/L6_observability/test_10c_req_129.py,ops_scripts/ci/check_10c_pilot_proof_evidence.py,PROOF_PRESENT,ACCEPTED,E4_NEGATIVE_CONTROL,EVIDENCE_PRESENT,NO_SPANS_EMITTED,0,false,4f53cda18c2baa0c0354bb5f9a3ecbe5ed12ab4d8e11ba873c2f11161202b945,,0,eb19f9b63e46ef70b3889752fa2f7eb499e4af39e376ccdfadefbfad50f8f8b4,540f5eec0a2d760f56ceb36d0b11e6fc706ffd40,,
10C-REQ-130,06_L6_Shadow_Evaluation_System_Learning,L6 observability,l6.eval.record_sealed,tests/unit/agentic_core/L6_observability/test_10c_req_130.py,ops_scripts/ci/check_10c_pilot_proof_evidence.py,PROOF_PRESENT,ACCEPTED,E4_NEGATIVE_CONTROL,EVIDENCE_PRESENT,NO_SPANS_EMITTED,0,false,4f53cda18c2baa0c0354bb5f9a3ecbe5ed12ab4d8e11ba873c2f11161202b945,,0,4896c934a36af310fb1cb7730dc155c0b50a59564a71bd76512e4c4c65d4ffd6,540f5eec0a2d760f56ceb36d0b11e6fc706ffd40,,
10C-REQ-131,06_L6_Shadow_Evaluation_System_Learning,L6 observability,l6.eval.record_sealed,tests/unit/agentic_core/L6_observability/test_10c_req_131.py,ops_scripts/ci/check_10c_pilot_proof_evidence.py,PROOF_PRESENT,ACCEPTED,E4_NEGATIVE_CONTROL,EVIDENCE_PRESENT,NO_SPANS_EMITTED,0,false,4f53cda18c2baa0c0354bb5f9a3ecbe5ed12ab4d8e11ba873c2f11161202b945,,0,b45ecff8d09b3b6368f31e1105f6507d43b543931de006b65a2743cea5687f08,3324888db4e60267618b09af1a40525642fcea86,,
10C-REQ-132,06_L6_Shadow_Evaluation_System_Learning,L6 observability,l6.eval.record_sealed,tests/unit/agentic_core/L6_observability/test_10c_req_132.py,ops_scripts/ci/check_10c_pilot_proof_evidence.py,PROOF_PRESENT,ACCEPTED,E4_NEGATIVE_CONTROL,EVIDENCE_PRESENT,NO_SPANS_EMITTED,0,false,4f53cda18c2baa0c0354bb5f9a3ecbe5ed12ab4d8e11ba873c2f11161202b945,,0,18b3696e3878d31d52d09984c5737e48f32f369201e095e2d279d521a4198dd3,3324888db4e60267618b09af1a40525642fcea86,,
10C-REQ-133,06_L6_Shadow_Evaluation_System_Learning,L6 observability,l6.eval.record_sealed,tests/unit/agentic_core/L6_observability/test_10c_req_133.py,ops_scripts/ci/check_10c_pilot_proof_evidence.py,PROOF_PRESENT,ACCEPTED,E4_NEGATIVE_CONTROL,EVIDENCE_PRESENT,NO_SPANS_EMITTED,0,false,4f53cda18c2baa0c0354bb5f9a3ecbe5ed12ab4d8e11ba873c2f11161202b945,,0,1fab1021d29bb4078789fa6588ea7960090a2548278ef14f9e225db4285f3fa7,3324888db4e60267618b09af1a40525642fcea86,,
10C-REQ-134,06_L6_Shadow_Evaluation_System_Learning,L6 observability,l6.eval.record_sealed,tests/unit/agentic_core/L6_observability/test_10c_req_134.py,ops_scripts/ci/check_10c_pilot_proof_evidence.py,PROOF_PRESENT,ACCEPTED,E4_NEGATIVE_CONTROL,EVIDENCE_PRESENT,NO_SPANS_EMITTED,0,false,4f53cda18c2baa0c0354bb5f9a3ecbe5ed12ab4d8e11ba873c2f11161202b945,,0,6959fc3949976dd7705afaf60c7932311fced8388ac2711c30769f85e75b4056,540f5eec0a2d760f56ceb36d0b11e6fc706ffd40,,
10C-REQ-135,03_L3_Orchestration,L3 healing,l3.workflow.contract_emitted,tests/unit/agentic_core/L3_orchestration/test_10c_req_135.py,ops_scripts/ci/check_10c_pilot_proof_evidence.py,PROOF_PRESENT,ACCEPTED,E4_NEGATIVE_CONTROL,EVIDENCE_PRESENT,NO_SPANS_EMITTED,0,false,4f53cda18c2baa0c0354bb5f9a3ecbe5ed12ab4d8e11ba873c2f11161202b945,,0,ef37a20cb5318636b20a825ba8397576db5506f9c472866d9ed16a0e0f87d677,540f5eec0a2d760f56ceb36d0b11e6fc706ffd40,,
10C-REQ-136,03_L3_Orchestration,L3 healing,l3.workflow.contract_emitted,tests/unit/agentic_core/L3_orchestration/test_10c_req_136.py,ops_scripts/ci/check_10c_pilot_proof_evidence.py,PROOF_PRESENT,ACCEPTED,E4_NEGATIVE_CONTROL,EVIDENCE_PRESENT,NO_SPANS_EMITTED,0,false,4f53cda18c2baa0c0354bb5f9a3ecbe5ed12ab4d8e11ba873c2f11161202b945,,0,d454ad73e6547becc07ed5fa1a5066128a4c9bf18738c8e685fd8f296af190a3,540f5eec0a2d760f56ceb36d0b11e6fc706ffd40,,
10C-REQ-137,03_L3_Orchestration,L3 healing,l3.workflow.contract_emitted,tests/unit/agentic_core/L3_orchestration/test_10c_req_137.py,ops_scripts/ci/check_10c_pilot_proof_evidence.py,PROOF_PRESENT,ACCEPTED,E4_NEGATIVE_CONTROL,EVIDENCE_PRESENT,NO_SPANS_EMITTED,0,false,4f53cda18c2baa0c0354bb5f9a3ecbe5ed12ab4d8e11ba873c2f11161202b945,,0,da49c3bc5fd52f9e92851e3ac2c41d6fac353fef87234e9a586f75a9079a39b4,540f5eec0a2d760f56ceb36d0b11e6fc706ffd40,,
10C-REQ-138,03_L3_Orchestration,L3 healing,l3.workflow.contract_emitted,tests/unit/agentic_core/L3_orchestration/test_10c_req_138.py,ops_scripts/ci/check_10c_pilot_proof_evidence.py,PROOF_PRESENT,ACCEPTED,E4_NEGATIVE_CONTROL,EVIDENCE_PRESENT,NO_SPANS_EMITTED,0,false,4f53cda18c2baa0c0354bb5f9a3ecbe5ed12ab4d8e11ba873c2f11161202b945,,0,3a2411d4de4ff70d41c20e4db8a823d1a2cff83ecdc042c7408d7b95c91b4c01,540f5eec0a2d760f56ceb36d0b11e6fc706ffd40,,
10C-REQ-139,00A_L5_Governance_Safety,HITL healing,l5.certification.evidence_emitted,tests/unit/agentic_core/L5_safety/test_10c_req_139.py,ops_scripts/ci/check_10c_pilot_proof_evidence.py,PROOF_PRESENT,ACCEPTED,E4_NEGATIVE_CONTROL,EVIDENCE_PRESENT,NO_SPANS_EMITTED,0,false,4f53cda18c2baa0c0354bb5f9a3ecbe5ed12ab4d8e11ba873c2f11161202b945,,0,bdefdb10c8dee758793a7dbc169a8737664355baeb4d4b1dff75d572416cbc1e,96712ddce297fcc14ee6910f9401640ffea1c42c,,
10C-REQ-140,00B_L4_State_Archive_and_UWG,L5/L3/L6,uwg.commit.validated,tests/unit/agentic_core/L4_state/test_10c_req_140.py,ops_scripts/ci/check_10c_pilot_proof_evidence.py,PROOF_PRESENT,ACCEPTED,E4_NEGATIVE_CONTROL,EVIDENCE_PRESENT,NO_SPANS_EMITTED,0,false,4f53cda18c2baa0c0354bb5f9a3ecbe5ed12ab4d8e11ba873c2f11161202b945,,0,8b1a8856463a4dfc20cbaf5b3c4964f80933a9b9d778c493bc64e3c01435d10b,25328cee11659a58489036058ef1acb9389ed12f,,
10C-REQ-141,03A_C0_Context_Engine,C0/knowledge,c0.evidence.contract_emitted,tests/unit/agentic_core/L1_cognition/c0_context/test_10c_req_141.py,ops_scripts/ci/check_10c_pilot_proof_evidence.py,PROOF_PRESENT,ACCEPTED,E4_NEGATIVE_CONTROL,EVIDENCE_PRESENT,NO_SPANS_EMITTED,0,false,4f53cda18c2baa0c0354bb5f9a3ecbe5ed12ab4d8e11ba873c2f11161202b945,,0,e6d879408acc17d19c5c41c95d4217d15b66f0518d8921b37f4c00f8abe79a5e,40a993fbedf5dec115894569b0975ecd6ea6d889,,
10C-REQ-142,03A_C0_Context_Engine,C0 retrieval,c0.evidence.contract_emitted,tests/unit/agentic_core/L1_cognition/c0_context/test_10c_req_142.py,ops_scripts/ci/check_10c_pilot_proof_evidence.py,PROOF_PRESENT,ACCEPTED,E4_NEGATIVE_CONTROL,EVIDENCE_PRESENT,NO_SPANS_EMITTED,0,false,4f53cda18c2baa0c0354bb5f9a3ecbe5ed12ab4d8e11ba873c2f11161202b945,,0,aa780d0dab0f638306ee88d3bad8a577c31161c28b42019f36be7f2b514da541,40a993fbedf5dec115894569b0975ecd6ea6d889,,
10C-REQ-143,03A_C0_Context_Engine,C0 retrieval,c0.evidence.contract_emitted,tests/unit/agentic_core/L1_cognition/c0_context/test_10c_req_143.py,ops_scripts/ci/check_10c_pilot_proof_evidence.py,PROOF_PRESENT,ACCEPTED,E4_NEGATIVE_CONTROL,EVIDENCE_PRESENT,NO_SPANS_EMITTED,0,false,4f53cda18c2baa0c0354bb5f9a3ecbe5ed12ab4d8e11ba873c2f11161202b945,,0,a062ea76704d5ba590ad93ec5ba92596130579e7f2a66059ef849be46f68f3a4,40a993fbedf5dec115894569b0975ecd6ea6d889,,
10C-REQ-144,03A_C0_Context_Engine,C0 retrieval,c0.evidence.contract_emitted,tests/unit/agentic_core/L1_cognition/c0_context/test_10c_req_144.py,ops_scripts/ci/check_10c_pilot_proof_evidence.py,PROOF_PRESENT,ACCEPTED,E4_NEGATIVE_CONTROL,EVIDENCE_PRESENT,NO_SPANS_EMITTED,0,false,4f53cda18c2baa0c0354bb5f9a3ecbe5ed12ab4d8e11ba873c2f11161202b945,,0,ff711169002abc8a20ec19082b70537a5c43d7ea5a09d9583cb9c475d54b09cc,40a993fbedf5dec115894569b0975ecd6ea6d889,,
10C-REQ-145,03A_C0_Context_Engine,C0 retrieval,c0.evidence.contract_emitted,tests/unit/agentic_core/L1_cognition/c0_context/test_10c_req_145.py,ops_scripts/ci/check_10c_pilot_proof_evidence.py,PROOF_PRESENT,ACCEPTED,E4_NEGATIVE_CONTROL,EVIDENCE_PRESENT,NO_SPANS_EMITTED,0,false,4f53cda18c2baa0c0354bb5f9a3ecbe5ed12ab4d8e11ba873c2f11161202b945,,0,2b1a620ef2ac7283edb31b28ede601dfeaa2b11f2ecb8f0ca55fc6d97f5075a2,40a993fbedf5dec115894569b0975ecd6ea6d889,,
10C-REQ-146,06_L6_Shadow_Evaluation_System_Learning,L6 evaluation,l6.eval.record_sealed,tests/unit/agentic_core/L6_observability/test_10c_req_146.py,ops_scripts/ci/check_10c_pilot_proof_evidence.py,PROOF_PRESENT,ACCEPTED,E4_NEGATIVE_CONTROL,EVIDENCE_PRESENT,NO_SPANS_EMITTED,0,false,4f53cda18c2baa0c0354bb5f9a3ecbe5ed12ab4d8e11ba873c2f11161202b945,,0,d7aae637baae45abd140d138fd216b3c4930e04250b195bad8d6f889a99bb1c2,3324888db4e60267618b09af1a40525642fcea86,,
10C-REQ-147,06_L6_Shadow_Evaluation_System_Learning,L6 evaluation,l6.eval.record_sealed,tests/unit/agentic_core/L6_observability/test_10c_req_147.py,ops_scripts/ci/check_10c_pilot_proof_evidence.py,PROOF_PRESENT,ACCEPTED,E4_NEGATIVE_CONTROL,EVIDENCE_PRESENT,NO_SPANS_EMITTED,0,false,4f53cda18c2baa0c0354bb5f9a3ecbe5ed12ab4d8e11ba873c2f11161202b945,,0,96e08ddbac4c3dbcc7b400ccc49beea7b8f2ffe69d6780e17780eb0a907c344e,3324888db4e60267618b09af1a40525642fcea86,,
10C-REQ-148,06_L6_Shadow_Evaluation_System_Learning,L6 evaluation,l6.eval.record_sealed,tests/unit/agentic_core/L6_observability/test_10c_req_148.py,ops_scripts/ci/check_10c_pilot_proof_evidence.py,PROOF_PRESENT,ACCEPTED,E4_NEGATIVE_CONTROL,EVIDENCE_PRESENT,NO_SPANS_EMITTED,0,false,4f53cda18c2baa0c0354bb5f9a3ecbe5ed12ab4d8e11ba873c2f11161202b945,,0,61fa61bc34d35bb4af8aeeca3d4cc34911ce81ca0a3b1397aa4a30aedf4b1ee9,3324888db4e60267618b09af1a40525642fcea86,,
10C-REQ-149,00B_L4_State_Archive_and_UWG,L4/UWG,uwg.commit.validated,tests/unit/agentic_core/L4_state/test_10c_req_149.py,ops_scripts/ci/check_10c_pilot_proof_evidence.py,PROOF_PRESENT,ACCEPTED,E4_NEGATIVE_CONTROL,EVIDENCE_PRESENT,NO_SPANS_EMITTED,0,false,4f53cda18c2baa0c0354bb5f9a3ecbe5ed12ab4d8e11ba873c2f11161202b945,,0,7b1ca7bad7182fbaaba40dedda9c7e7f4a961a0b92cdf5ed11d825c05063b03b,3324888db4e60267618b09af1a40525642fcea86,,
10C-REQ-150,00B_L4_State_Archive_and_UWG,L4/UWG,uwg.commit.validated,tests/unit/agentic_core/L4_state/test_10c_req_150.py,ops_scripts/ci/check_10c_pilot_proof_evidence.py,PROOF_PRESENT,ACCEPTED,E4_NEGATIVE_CONTROL,EVIDENCE_PRESENT,NO_SPANS_EMITTED,0,false,4f53cda18c2baa0c0354bb5f9a3ecbe5ed12ab4d8e11ba873c2f11161202b945,,0,a0d93f209d05f8e78990d83ea2f610c2463f837008744e23f488e079208a06ee,3324888db4e60267618b09af1a40525642fcea86,,
10C-REQ-151,06_L6_Shadow_Evaluation_System_Learning,L6 evaluation,l6.eval.record_sealed,tests/unit/agentic_core/L6_observability/test_10c_req_151.py,ops_scripts/ci/check_10c_pilot_proof_evidence.py,PROOF_PRESENT,ACCEPTED,E4_NEGATIVE_CONTROL,EVIDENCE_PRESENT,NO_SPANS_EMITTED,0,false,4f53cda18c2baa0c0354bb5f9a3ecbe5ed12ab4d8e11ba873c2f11161202b945,,0,e112cadd9eb24e243517ed9b2dc0ae74afbaf6ac28af4a3bc4f22d70818038a7,3324888db4e60267618b09af1a40525642fcea86,,
10C-REQ-152,00B_L4_State_Archive_and_UWG,L4/UWG,uwg.commit.validated,tests/unit/agentic_core/L4_state/test_10c_req_152.py,ops_scripts/ci/check_10c_pilot_proof_evidence.py,PROOF_PRESENT,ACCEPTED,E4_NEGATIVE_CONTROL,EVIDENCE_PRESENT,NO_SPANS_EMITTED,0,false,4f53cda18c2baa0c0354bb5f9a3ecbe5ed12ab4d8e11ba873c2f11161202b945,,0,f8cb38d1a87d20373721de49e25d38ac78a8ecf80efba38917203c98a776a1a3,3324888db4e60267618b09af1a40525642fcea86,,
10C-REQ-153,00B_L4_State_Archive_and_UWG,L5/L4/UWG,uwg.commit.validated,tests/unit/agentic_core/L4_state/test_10c_req_153.py,ops_scripts/ci/check_10c_pilot_proof_evidence.py,PROOF_PRESENT,ACCEPTED,E4_NEGATIVE_CONTROL,EVIDENCE_PRESENT,NO_SPANS_EMITTED,0,false,4f53cda18c2baa0c0354bb5f9a3ecbe5ed12ab4d8e11ba873c2f11161202b945,,0,0900b9875f1857706d01399af8360d080064e86da9d8aea5dc70c158cacc6de3,25328cee11659a58489036058ef1acb9389ed12f,,
10C-REQ-154,00B_L4_State_Archive_and_UWG,L4/UWG,uwg.commit.validated,tests/unit/agentic_core/L4_state/test_10c_req_154.py,ops_scripts/ci/check_10c_pilot_proof_evidence.py,PROOF_PRESENT,ACCEPTED,E4_NEGATIVE_CONTROL,EVIDENCE_PRESENT,NO_SPANS_EMITTED,0,false,4f53cda18c2baa0c0354bb5f9a3ecbe5ed12ab4d8e11ba873c2f11161202b945,,0,dd6fdbb338ed1183a29dfe17ceb1153ffda9b943766ff75620be2fdc9ba014e4,3324888db4e60267618b09af1a40525642fcea86,,
10C-REQ-155,00A_L5_Governance_Safety,C7 capability,l5.certification.evidence_emitted,tests/unit/agentic_core/L5_safety/test_10c_req_155.py,ops_scripts/ci/check_10c_pilot_proof_evidence.py,PROOF_PRESENT,ACCEPTED,E4_NEGATIVE_CONTROL,EVIDENCE_PRESENT,NO_SPANS_EMITTED,0,false,4f53cda18c2baa0c0354bb5f9a3ecbe5ed12ab4d8e11ba873c2f11161202b945,,0,05977a4f1aa727618e89e994eaf408feef80c362783f813050d621439bea6f67,96712ddce297fcc14ee6910f9401640ffea1c42c,,
10C-REQ-156,00A_L5_Governance_Safety,C7 capability,l5.certification.evidence_emitted,tests/unit/agentic_core/L5_safety/test_10c_req_156.py,ops_scripts/ci/check_10c_pilot_proof_evidence.py,PROOF_PRESENT,ACCEPTED,E4_NEGATIVE_CONTROL,EVIDENCE_PRESENT,NO_SPANS_EMITTED,0,false,4f53cda18c2baa0c0354bb5f9a3ecbe5ed12ab4d8e11ba873c2f11161202b945,,0,c8bfa54b7153a53a879c7b931c9f910a7662d2d4f6735b23b9aad987599b8162,96712ddce297fcc14ee6910f9401640ffea1c42c,,
10C-REQ-157,00A_L5_Governance_Safety,C7 capability,l5.certification.evidence_emitted,tests/unit/agentic_core/L5_safety/test_10c_req_157.py,ops_scripts/ci/check_10c_pilot_proof_evidence.py,PROOF_PRESENT,ACCEPTED,E4_NEGATIVE_CONTROL,EVIDENCE_PRESENT,NO_SPANS_EMITTED,0,false,4f53cda18c2baa0c0354bb5f9a3ecbe5ed12ab4d8e11ba873c2f11161202b945,,0,db2fc1fed7ef835b728d9a3406107bd0b44cd7d07de41725813510932f0d80e0,96712ddce297fcc14ee6910f9401640ffea1c42c,,
10C-REQ-158,00A_L5_Governance_Safety,C7 capability,l5.certification.evidence_emitted,tests/unit/agentic_core/L5_safety/test_10c_req_158.py,ops_scripts/ci/check_10c_pilot_proof_evidence.py,PROOF_PRESENT,ACCEPTED,E4_NEGATIVE_CONTROL,EVIDENCE_PRESENT,NO_SPANS_EMITTED,0,false,4f53cda18c2baa0c0354bb5f9a3ecbe5ed12ab4d8e11ba873c2f11161202b945,,0,a28574e59d2c572b45af20d0639a42abda975645bbc50931790d1fbe28c2c07e,96712ddce297fcc14ee6910f9401640ffea1c42c,,
10C-REQ-159,00A_L5_Governance_Safety,C7 capability,l5.certification.evidence_emitted,tests/unit/agentic_core/L5_safety/test_10c_req_159.py,ops_scripts/ci/check_10c_pilot_proof_evidence.py,PROOF_PRESENT,ACCEPTED,E4_NEGATIVE_CONTROL,EVIDENCE_PRESENT,NO_SPANS_EMITTED,0,false,4f53cda18c2baa0c0354bb5f9a3ecbe5ed12ab4d8e11ba873c2f11161202b945,,0,63c53314b35e6f261ed6caaaee72b0c9ecad2c9f816e6c8578a47667794c0513,96712ddce297fcc14ee6910f9401640ffea1c42c,,
10C-REQ-160,00A_L5_Governance_Safety,C7 capability,l5.certification.evidence_emitted,tests/unit/agentic_core/L5_safety/test_10c_req_160.py,ops_scripts/ci/check_10c_pilot_proof_evidence.py,PROOF_PRESENT,ACCEPTED,E4_NEGATIVE_CONTROL,EVIDENCE_PRESENT,NO_SPANS_EMITTED,0,false,4f53cda18c2baa0c0354bb5f9a3ecbe5ed12ab4d8e11ba873c2f11161202b945,,0,c1590fc1e078fde93655caaf6444f0c9f72a7bc96512bd9ecae2f701ca25e185,25328cee11659a58489036058ef1acb9389ed12f,,
10C-REQ-161,00A_L5_Governance_Safety,C7 capability,l5.certification.evidence_emitted,tests/unit/agentic_core/L5_safety/test_10c_req_161.py,ops_scripts/ci/check_10c_pilot_proof_evidence.py,PROOF_PRESENT,ACCEPTED,E4_NEGATIVE_CONTROL,EVIDENCE_PRESENT,NO_SPANS_EMITTED,0,false,4f53cda18c2baa0c0354bb5f9a3ecbe5ed12ab4d8e11ba873c2f11161202b945,,0,e185b8ad6746c0530a52751abd4df2abf7b5659c292fe1d6c54448b2cb8f67b2,96712ddce297fcc14ee6910f9401640ffea1c42c,,
10C-REQ-162,Cross_Cutting_Observability_Replay_Audit,N/A,obs.audit_event.emitted,tests/unit/agentic_core/L6_observability/test_10c_req_162.py,ops_scripts/ci/check_otel_replay_audit_proof.py,NOT_APPLICABLE,ACCEPTED_WITH_CAVEAT,E4_NEGATIVE_CONTROL,ACCEPTED_WITH_CAVEAT,NO_HARNESS,0,false,,,0,6f93e44a0b1fdf15fdc7beae84b1bd337cf24aad0be8d5717ec879a813c77069,0d7bcdd089b23159980d1f31854ce63c52b14dbd,PEDAGOGICAL_ROW,"PEDAGOGICAL_ROW: Contextual Refinement primer staging-area note, not a runtime proof obligation."
10C-REQ-163,Offline_Ingestion_Index_Build,knowledge/embedding,ingest.chunk.sealed,tests/unit/agentic_core/L1_cognition/c0_context/ingestion/test_10c_req_163.py,ops_scripts/ci/check_10c_pilot_proof_evidence.py,PROOF_PRESENT,ACCEPTED,E4_NEGATIVE_CONTROL,EVIDENCE_PRESENT,NO_SPANS_EMITTED,0,false,4f53cda18c2baa0c0354bb5f9a3ecbe5ed12ab4d8e11ba873c2f11161202b945,,0,83b12799af3f58ed431e5f6803fa79991f4f31dbc16d5645be9896ff95ebc81a,25328cee11659a58489036058ef1acb9389ed12f,,
10C-REQ-164,04_L2_Execute,L2 execution,l2.execution.sealed,tests/unit/agentic_core/L2_execution/test_10c_req_164.py,ops_scripts/ci/check_10c_pilot_proof_evidence.py,PROOF_PRESENT,ACCEPTED,E4_NEGATIVE_CONTROL,EVIDENCE_PRESENT,NO_SPANS_EMITTED,0,false,4f53cda18c2baa0c0354bb5f9a3ecbe5ed12ab4d8e11ba873c2f11161202b945,,0,ec436d155820c2982f1a1547eef989e901b6756a7ee3c88dd357837640e5af33,25328cee11659a58489036058ef1acb9389ed12f,,
10C-REQ-165,Cross_Cutting_Observability_Replay_Audit,architecture design,obs.audit_event.emitted,tests/unit/agentic_core/L6_observability/test_10c_req_165.py,ops_scripts/ci/check_10c_pilot_proof_evidence.py,PROOF_PRESENT,ACCEPTED,E4_NEGATIVE_CONTROL,EVIDENCE_PRESENT,NO_SPANS_EMITTED,0,false,4f53cda18c2baa0c0354bb5f9a3ecbe5ed12ab4d8e11ba873c2f11161202b945,,0,baaa93fb6b981e7f7125be7bbe38dd6c1836c0c6b8e80ed6182199f370632389,25328cee11659a58489036058ef1acb9389ed12f,,
10C-REQ-166,Cross_Cutting_Observability_Replay_Audit,architecture design,obs.audit_event.emitted,tests/unit/agentic_core/L6_observability/test_10c_req_166.py,ops_scripts/ci/check_10c_pilot_proof_evidence.py,PROOF_PRESENT,ACCEPTED,E4_NEGATIVE_CONTROL,EVIDENCE_PRESENT,NO_SPANS_EMITTED,0,false,4f53cda18c2baa0c0354bb5f9a3ecbe5ed12ab4d8e11ba873c2f11161202b945,,0,85c4c2c29a8e21da12a58cae086a6d454394f7dd7c167c54114dc52d9faa830c,25328cee11659a58489036058ef1acb9389ed12f,,
10C-REQ-167,00A_L5_Governance_Safety,L5 policy,l5.certification.evidence_emitted,tests/unit/agentic_core/L5_safety/test_10c_req_167.py,ops_scripts/ci/check_10c_pilot_proof_evidence.py,PROOF_PRESENT,ACCEPTED,E4_NEGATIVE_CONTROL,EVIDENCE_PRESENT,NO_SPANS_EMITTED,0,false,4f53cda18c2baa0c0354bb5f9a3ecbe5ed12ab4d8e11ba873c2f11161202b945,,0,fd78c74887dcf7acebe68faef354e6bea1c6aea7cc99dee9c279bd78c8a595d8,132fecde8fe0ee12880968ec08a89dc35b955010,,
10C-REQ-168,01_U0_Request_Intake,L5/gateway,u0.intake.validated,tests/unit/agentic_core/L1_cognition/intake/test_10c_req_168.py,ops_scripts/ci/check_10c_pilot_proof_evidence.py,PROOF_PRESENT,ACCEPTED,E4_NEGATIVE_CONTROL,EVIDENCE_PRESENT,NO_SPANS_EMITTED,0,false,4f53cda18c2baa0c0354bb5f9a3ecbe5ed12ab4d8e11ba873c2f11161202b945,,0,35fb54c56e9eed87f79b4c67b4a9f0321d819a3fd7a14ec5c88d66e07906e513,540f5eec0a2d760f56ceb36d0b11e6fc706ffd40,,
10C-REQ-169,02_L1_Reasoning_Plan,L1 cognition,l1.plan.contract_emitted,tests/unit/agentic_core/L1_cognition/test_10c_req_169.py,ops_scripts/ci/check_10c_pilot_proof_evidence.py,PROOF_PRESENT,ACCEPTED,E4_NEGATIVE_CONTROL,EVIDENCE_PRESENT,NO_SPANS_EMITTED,0,false,4f53cda18c2baa0c0354bb5f9a3ecbe5ed12ab4d8e11ba873c2f11161202b945,,0,73057905040189f88414df0e7b405127e3f38172b65634122f4e909d721d39c9,40a993fbedf5dec115894569b0975ecd6ea6d889,,
10C-REQ-170,03_L0_Route_Decision,L0 routing,l0.route.contract_emitted,tests/unit/agentic_core/L0_routing/test_10c_req_170.py,ops_scripts/ci/check_10c_pilot_proof_evidence.py,PROOF_PRESENT,ACCEPTED,E4_NEGATIVE_CONTROL,EVIDENCE_PRESENT,NO_SPANS_EMITTED,0,false,4f53cda18c2baa0c0354bb5f9a3ecbe5ed12ab4d8e11ba873c2f11161202b945,,0,68d3738e396ed6c3fa40ffa77796f85730755c7be451847d12137a378ce67c3d,540f5eec0a2d760f56ceb36d0b11e6fc706ffd40,,
10C-REQ-171,04_L2_Execute,L2 execution,l2.execution.attempt,tests/unit/agentic_core/L2_execution/test_10c_req_171.py,ops_scripts/ci/check_10c_pilot_proof_evidence.py,PROOF_PRESENT,ACCEPTED,E4_NEGATIVE_CONTROL,EVIDENCE_PRESENT,NO_SPANS_EMITTED,0,false,4f53cda18c2baa0c0354bb5f9a3ecbe5ed12ab4d8e11ba873c2f11161202b945,,0,9a095691c2bab3b26c9123714780b7f2b733900a986c96d823ad44d755b6029a,540f5eec0a2d760f56ceb36d0b11e6fc706ffd40,,
10C-REQ-172,05_Exit_Evaluation_and_Control,L5 exit control,exit.x1.gates_evaluated,tests/unit/agentic_core/L5_safety/exit_control/test_10c_req_172.py,ops_scripts/ci/check_10c_pilot_proof_evidence.py,PROOF_PRESENT,ACCEPTED,E4_NEGATIVE_CONTROL,EVIDENCE_PRESENT,NO_SPANS_EMITTED,0,false,4f53cda18c2baa0c0354bb5f9a3ecbe5ed12ab4d8e11ba873c2f11161202b945,,0,e91179fd3ee22e1e61015d90b91a405e5a334cdcaea481d799eb564372202704,540f5eec0a2d760f56ceb36d0b11e6fc706ffd40,,
10C-REQ-173,06_L6_Shadow_Evaluation_System_Learning,L6 shadow eval,l6.learning.proposal_emitted,tests/unit/agentic_core/L6_observability/test_10c_req_173.py,ops_scripts/ci/check_10c_pilot_proof_evidence.py,PROOF_PRESENT,ACCEPTED,E4_NEGATIVE_CONTROL,EVIDENCE_PRESENT,NO_SPANS_EMITTED,0,false,4f53cda18c2baa0c0354bb5f9a3ecbe5ed12ab4d8e11ba873c2f11161202b945,,0,699977b1175f06859c80821c1d374183550555c7dfc5e603f6a3878fdb48823a,3324888db4e60267618b09af1a40525642fcea86,,
10C-REQ-174,02_L1_Reasoning_Plan,L1 cognition,l1.plan.contract_emitted,tests/unit/agentic_core/L1_cognition/test_10c_req_174.py,ops_scripts/ci/check_10c_pilot_proof_evidence.py,PROOF_PRESENT,ACCEPTED,E4_NEGATIVE_CONTROL,EVIDENCE_PRESENT,NO_SPANS_EMITTED,0,false,4f53cda18c2baa0c0354bb5f9a3ecbe5ed12ab4d8e11ba873c2f11161202b945,,0,88417c56a6ace74a58a1be6ba3add6cf1ca62d22db6c14baf577f28dba76e99a,40a993fbedf5dec115894569b0975ecd6ea6d889,,
10C-REQ-175,04_L2_Execute,L2 execution,l2.execution.prep,tests/unit/agentic_core/L2_execution/test_10c_req_175.py,ops_scripts/ci/check_10c_pilot_proof_evidence.py,PROOF_PRESENT,ACCEPTED,E4_NEGATIVE_CONTROL,EVIDENCE_PRESENT,NO_SPANS_EMITTED,0,false,4f53cda18c2baa0c0354bb5f9a3ecbe5ed12ab4d8e11ba873c2f11161202b945,,0,433b7293bfda29f05a1ce31042691328e37f5b559accde8f65dded3f353f93e2,25328cee11659a58489036058ef1acb9389ed12f,,
10C-REQ-176,00A_L5_Governance_Safety,HITL L5,l5.hitl.escalation_recorded,tests/unit/agentic_core/L5_safety/test_10c_req_176.py,ops_scripts/ci/check_10c_pilot_proof_evidence.py,PROOF_PRESENT,ACCEPTED,E4_NEGATIVE_CONTROL,EVIDENCE_PRESENT,NO_SPANS_EMITTED,0,false,4f53cda18c2baa0c0354bb5f9a3ecbe5ed12ab4d8e11ba873c2f11161202b945,,0,8e96f5fcdd98d6e836f61dd77950275cb0076b60624eeebfa6fd0234aa5952eb,96712ddce297fcc14ee6910f9401640ffea1c42c,,
10C-REQ-177,00B_L4_State_Archive_and_UWG,L4 UWG,uwg.commit.committed,tests/unit/agentic_core/L4_state/test_10c_req_177.py,ops_scripts/ci/check_10c_pilot_proof_evidence.py,PROOF_PRESENT,ACCEPTED,E4_NEGATIVE_CONTROL,EVIDENCE_PRESENT,NO_SPANS_EMITTED,0,false,4f53cda18c2baa0c0354bb5f9a3ecbe5ed12ab4d8e11ba873c2f11161202b945,,0,5a6c85b78ae5146d6e5fcb6894278436a70b428aa5d55ca89db9fefe2c691268,25328cee11659a58489036058ef1acb9389ed12f,,
10C-REQ-178,06_L6_Shadow_Evaluation_System_Learning,L6 observability,l6.eval.record_sealed,tests/unit/agentic_core/L6_observability/test_10c_req_178.py,ops_scripts/ci/check_10c_pilot_proof_evidence.py,PROOF_PRESENT,ACCEPTED,E4_NEGATIVE_CONTROL,EVIDENCE_PRESENT,NO_SPANS_EMITTED,0,false,4f53cda18c2baa0c0354bb5f9a3ecbe5ed12ab4d8e11ba873c2f11161202b945,,0,b7ac14c140dc2bf2124270d317e2e70d431e5991e0beacc4d1ad794268429d79,540f5eec0a2d760f56ceb36d0b11e6fc706ffd40,,
10C-REQ-179,00A_L5_Governance_Safety,HITL L5 + L6 shadow eval,l5.certification.evidence_emitted,tests/unit/agentic_core/L5_safety/test_10c_req_179.py,ops_scripts/ci/check_10c_pilot_proof_evidence.py,PROOF_PRESENT,ACCEPTED,E4_NEGATIVE_CONTROL,EVIDENCE_PRESENT,NO_SPANS_EMITTED,0,false,4f53cda18c2baa0c0354bb5f9a3ecbe5ed12ab4d8e11ba873c2f11161202b945,,0,ecc8915845eb4555bcea9a461c98b51d60ef2b6b652b5fc69bebe7b6cd7946b2,96712ddce297fcc14ee6910f9401640ffea1c42c,,
10C-REQ-180,02_L1_Reasoning_Plan,L1 cognition + L3 orchestration,l1.plan.contract_emitted,tests/unit/agentic_core/L1_cognition/test_10c_req_180.py,ops_scripts/ci/check_10c_pilot_proof_evidence.py,PROOF_PRESENT,ACCEPTED,E4_NEGATIVE_CONTROL,EVIDENCE_PRESENT,NO_SPANS_EMITTED,0,false,4f53cda18c2baa0c0354bb5f9a3ecbe5ed12ab4d8e11ba873c2f11161202b945,,0,7e6383c578c5cc7e4f7d25ddef53905d792e8a2433a82df4523923c84b83f540,40a993fbedf5dec115894569b0975ecd6ea6d889,,
10C-REQ-181,03_L3_Orchestration,L3 orchestration + L4 state,l3.workflow.contract_emitted,tests/unit/agentic_core/L3_orchestration/test_10c_req_181.py,ops_scripts/ci/check_10c_pilot_proof_evidence.py,PROOF_PRESENT,ACCEPTED,E4_NEGATIVE_CONTROL,EVIDENCE_PRESENT,NO_SPANS_EMITTED,0,false,4f53cda18c2baa0c0354bb5f9a3ecbe5ed12ab4d8e11ba873c2f11161202b945,,0,2f1a1111befe3308f9b580b1c0baf6460013c210839a1a30d879488a9237009a,540f5eec0a2d760f56ceb36d0b11e6fc706ffd40,,
10C-REQ-182,00A_L5_Governance_Safety,L1 cognition + L5 safety,l5.certification.evidence_emitted,tests/unit/agentic_core/L5_safety/test_10c_req_182.py,ops_scripts/ci/check_10c_pilot_proof_evidence.py,PROOF_PRESENT,ACCEPTED,E4_NEGATIVE_CONTROL,EVIDENCE_PRESENT,NO_SPANS_EMITTED,0,false,4f53cda18c2baa0c0354bb5f9a3ecbe5ed12ab4d8e11ba873c2f11161202b945,,0,551cf79e61141971e8d70529270cdf891ecbcb9ec639ac39e485826e7bbbd55b,25328cee11659a58489036058ef1acb9389ed12f,,
10C-REQ-183,02_L1_Reasoning_Plan,L1 cognition + L6 observability,l1.plan.contract_emitted,tests/unit/agentic_core/L1_cognition/test_10c_req_183.py,ops_scripts/ci/check_10c_pilot_proof_evidence.py,PROOF_PRESENT,ACCEPTED,E4_NEGATIVE_CONTROL,EVIDENCE_PRESENT,NO_SPANS_EMITTED,0,false,4f53cda18c2baa0c0354bb5f9a3ecbe5ed12ab4d8e11ba873c2f11161202b945,,0,d7e569040c3123e47ba3dd7d595bc113d672fb8c7bc39ebad1fdc5166bb6c051,540f5eec0a2d760f56ceb36d0b11e6fc706ffd40,,
10C-REQ-184,02_L1_Reasoning_Plan,L3 orchestration + L1 cognition,l1.plan.contract_emitted,tests/unit/agentic_core/L1_cognition/test_10c_req_184.py,ops_scripts/ci/check_10c_pilot_proof_evidence.py,PROOF_PRESENT,ACCEPTED,E4_NEGATIVE_CONTROL,EVIDENCE_PRESENT,NO_SPANS_EMITTED,0,false,4f53cda18c2baa0c0354bb5f9a3ecbe5ed12ab4d8e11ba873c2f11161202b945,,0,87b2f883c916183d5431bf0d7c5c25eeef3268aec09793a1fc0b971c7dd173a9,540f5eec0a2d760f56ceb36d0b11e6fc706ffd40,,
10C-REQ-185,00B_L4_State_Archive_and_UWG,L4 state + L6 observability,uwg.commit.validated,tests/unit/agentic_core/L4_state/test_10c_req_185.py,ops_scripts/ci/check_10c_pilot_proof_evidence.py,PROOF_PRESENT,ACCEPTED,E4_NEGATIVE_CONTROL,EVIDENCE_PRESENT,NO_SPANS_EMITTED,0,false,4f53cda18c2baa0c0354bb5f9a3ecbe5ed12ab4d8e11ba873c2f11161202b945,,0,d8962515119ee6dc64fb94fe67621b9a9bc0893608f99c70b2ab7188323be681,25328cee11659a58489036058ef1acb9389ed12f,,
10C-REQ-186,04_L2_Execute,L2 execution,l2.execution.sealed,tests/unit/agentic_core/L2_execution/test_10c_req_186.py,ops_scripts/ci/check_10c_pilot_proof_evidence.py,PROOF_PRESENT,ACCEPTED,E4_NEGATIVE_CONTROL,EVIDENCE_PRESENT,NO_SPANS_EMITTED,0,false,4f53cda18c2baa0c0354bb5f9a3ecbe5ed12ab4d8e11ba873c2f11161202b945,,0,93faec7f5c61535fbfe83a48d76d897adce869b35fc95691f3ea03c977ae6d88,540f5eec0a2d760f56ceb36d0b11e6fc706ffd40,,
10C-REQ-187,00A_L5_Governance_Safety,L2 execution + L5 safety,l5.certification.evidence_emitted,tests/unit/agentic_core/L5_safety/test_10c_req_187.py,ops_scripts/ci/check_10c_pilot_proof_evidence.py,PROOF_PRESENT,ACCEPTED,E4_NEGATIVE_CONTROL,EVIDENCE_PRESENT,NO_SPANS_EMITTED,0,false,4f53cda18c2baa0c0354bb5f9a3ecbe5ed12ab4d8e11ba873c2f11161202b945,,0,1874439ca85496f2309aa222e533e9cd9394e7c84b25c930a376346d6eef82c6,25328cee11659a58489036058ef1acb9389ed12f,,
10C-REQ-188,03_L3_Orchestration,L3 orchestration,l3.workflow.contract_emitted,tests/unit/agentic_core/L3_orchestration/test_10c_req_188.py,ops_scripts/ci/check_10c_pilot_proof_evidence.py,PROOF_PRESENT,ACCEPTED,E4_NEGATIVE_CONTROL,EVIDENCE_PRESENT,NO_SPANS_EMITTED,0,false,4f53cda18c2baa0c0354bb5f9a3ecbe5ed12ab4d8e11ba873c2f11161202b945,,0,1e8f1f077c6b74d97dc871e4da665a043a6864b23c3cee35163c2a516e310cce,540f5eec0a2d760f56ceb36d0b11e6fc706ffd40,,
10C-REQ-189,03_L3_Orchestration,L3 orchestration,l3.workflow.contract_emitted,tests/unit/agentic_core/L3_orchestration/test_10c_req_189.py,ops_scripts/ci/check_10c_pilot_proof_evidence.py,PROOF_PRESENT,ACCEPTED,E4_NEGATIVE_CONTROL,EVIDENCE_PRESENT,NO_SPANS_EMITTED,0,false,4f53cda18c2baa0c0354bb5f9a3ecbe5ed12ab4d8e11ba873c2f11161202b945,,0,44324b90821b74c93af0e2b46ce9ceaa7158d541f2d12f4efd490ad3f55b3b97,540f5eec0a2d760f56ceb36d0b11e6fc706ffd40,,
10C-REQ-190,06_L6_Shadow_Evaluation_System_Learning,L6 observability,l6.eval.record_sealed,tests/unit/agentic_core/L6_observability/test_10c_req_190.py,ops_scripts/ci/check_10c_pilot_proof_evidence.py,PROOF_PRESENT,ACCEPTED,E4_NEGATIVE_CONTROL,EVIDENCE_PRESENT,NO_SPANS_EMITTED,0,false,4f53cda18c2baa0c0354bb5f9a3ecbe5ed12ab4d8e11ba873c2f11161202b945,,0,03788d21ad34cc646d8927d0630b4a4bd585db8b2f178fda103bf602941120c9,3324888db4e60267618b09af1a40525642fcea86,,
10C-REQ-191,06_L6_Shadow_Evaluation_System_Learning,L6 observability + HITL,l6.eval.record_sealed,tests/unit/agentic_core/L6_observability/test_10c_req_191.py,ops_scripts/ci/check_10c_pilot_proof_evidence.py,PROOF_PRESENT,ACCEPTED,E4_NEGATIVE_CONTROL,EVIDENCE_PRESENT,NO_SPANS_EMITTED,0,false,4f53cda18c2baa0c0354bb5f9a3ecbe5ed12ab4d8e11ba873c2f11161202b945,,0,37906de8eee1271ff9dbce6b222128b3e8fdde2e0efc5e14907f4064d8821e3e,25328cee11659a58489036058ef1acb9389ed12f,,
10C-REQ-192,00A_L5_Governance_Safety,L5 safety,l5.certification.evidence_emitted,tests/unit/agentic_core/L5_safety/test_10c_req_192.py,ops_scripts/ci/check_10c_pilot_proof_evidence.py,PROOF_PRESENT,ACCEPTED,E4_NEGATIVE_CONTROL,EVIDENCE_PRESENT,NO_SPANS_EMITTED,0,false,4f53cda18c2baa0c0354bb5f9a3ecbe5ed12ab4d8e11ba873c2f11161202b945,,0,dfe979d6d839b5340e645d8d459365ff0bba42ca826595b8dec7772a822f12ce,25328cee11659a58489036058ef1acb9389ed12f,,
10C-REQ-193,00A_L5_Governance_Safety,L5 safety + L6 observability,l5.certification.evidence_emitted,tests/unit/agentic_core/L5_safety/test_10c_req_193.py,ops_scripts/ci/check_10c_pilot_proof_evidence.py,PROOF_PRESENT,ACCEPTED,E4_NEGATIVE_CONTROL,EVIDENCE_PRESENT,NO_SPANS_EMITTED,0,false,4f53cda18c2baa0c0354bb5f9a3ecbe5ed12ab4d8e11ba873c2f11161202b945,,0,6c50dec0f84b6c4ddc540e227e79f41a265fea0e033e946b98a1c973f722681d,96712ddce297fcc14ee6910f9401640ffea1c42c,,
10C-REQ-194,Cross_Cutting_Observability_Replay_Audit,L6 observability + all layers,obs.tracecontext.propagated,tests/unit/agentic_core/L6_observability/test_10c_req_194.py,ops_scripts/ci/check_10c_pilot_proof_evidence.py,PROOF_PRESENT,ACCEPTED,E4_NEGATIVE_CONTROL,EVIDENCE_PRESENT,NO_SPANS_EMITTED,0,false,4f53cda18c2baa0c0354bb5f9a3ecbe5ed12ab4d8e11ba873c2f11161202b945,,0,ccc8ff80a5f3cb93d7bec7d56c1d954c1598806c0fd83e1ec7c8fa31396aa7b8,540f5eec0a2d760f56ceb36d0b11e6fc706ffd40,,
10C-REQ-195,00A_L5_Governance_Safety,L6 observability + L5 safety,l5.certification.evidence_emitted,tests/unit/agentic_core/L5_safety/test_10c_req_195.py,ops_scripts/ci/check_10c_pilot_proof_evidence.py,PROOF_PRESENT,ACCEPTED,E4_NEGATIVE_CONTROL,EVIDENCE_PRESENT,NO_SPANS_EMITTED,0,false,4f53cda18c2baa0c0354bb5f9a3ecbe5ed12ab4d8e11ba873c2f11161202b945,,0,8dec4497cabc69072ab1a905478bd7df267cf80e697c2e58b39d334c7ce0947f,25328cee11659a58489036058ef1acb9389ed12f,,
10C-REQ-196,04_L2_Execute,L2 execution + L4 state,l2.execution.sealed,tests/unit/agentic_core/L2_execution/test_10c_req_196.py,ops_scripts/ci/check_10c_pilot_proof_evidence.py,PROOF_PRESENT,ACCEPTED,E4_NEGATIVE_CONTROL,EVIDENCE_PRESENT,NO_SPANS_EMITTED,0,false,4f53cda18c2baa0c0354bb5f9a3ecbe5ed12ab4d8e11ba873c2f11161202b945,,0,5c423e09cdba5655cc8fb09bbe4be075139ff3e3a47415f00259ba52ce9130b7,540f5eec0a2d760f56ceb36d0b11e6fc706ffd40,,
10C-REQ-197,04_L2_Execute,L2 execution,l2.execution.sealed,tests/unit/agentic_core/L2_execution/test_10c_req_197.py,ops_scripts/ci/check_10c_pilot_proof_evidence.py,PROOF_PRESENT,ACCEPTED,E4_NEGATIVE_CONTROL,EVIDENCE_PRESENT,NO_SPANS_EMITTED,0,false,4f53cda18c2baa0c0354bb5f9a3ecbe5ed12ab4d8e11ba873c2f11161202b945,,0,83ab5a365845f70c84bed6740d56424c89d508d17d6a1c46f7ab789af5065712,540f5eec0a2d760f56ceb36d0b11e6fc706ffd40,,
10C-REQ-198,03_L3_Orchestration,L3 orchestration + L6 observability,l3.workflow.contract_emitted,tests/unit/agentic_core/L3_orchestration/test_10c_req_198.py,ops_scripts/ci/check_10c_pilot_proof_evidence.py,PROOF_PRESENT,ACCEPTED,E4_NEGATIVE_CONTROL,EVIDENCE_PRESENT,NO_SPANS_EMITTED,0,false,4f53cda18c2baa0c0354bb5f9a3ecbe5ed12ab4d8e11ba873c2f11161202b945,,0,f9a567b6ffa055f05e509fd9ab796637865f4584e909ba1f0267ac3514ed8621,540f5eec0a2d760f56ceb36d0b11e6fc706ffd40,,
10C-REQ-199,00A_L5_Governance_Safety,L5 safety + L3 orchestration,l5.certification.evidence_emitted,tests/unit/agentic_core/L5_safety/test_10c_req_199.py,ops_scripts/ci/check_10c_pilot_proof_evidence.py,PROOF_PRESENT,ACCEPTED,E4_NEGATIVE_CONTROL,EVIDENCE_PRESENT,NO_SPANS_EMITTED,0,false,4f53cda18c2baa0c0354bb5f9a3ecbe5ed12ab4d8e11ba873c2f11161202b945,,0,da8c21f055d9687875b340560f4e15c63ba7447caa5df758e628b8809e971c76,25328cee11659a58489036058ef1acb9389ed12f,,
10C-REQ-200,06_L6_Shadow_Evaluation_System_Learning,L6 observability,l6.learning.proposal_emitted,tests/unit/agentic_core/L6_observability/test_10c_req_200.py,ops_scripts/ci/check_10c_pilot_proof_evidence.py,PROOF_PRESENT,ACCEPTED,E4_NEGATIVE_CONTROL,EVIDENCE_PRESENT,NO_SPANS_EMITTED,0,false,4f53cda18c2baa0c0354bb5f9a3ecbe5ed12ab4d8e11ba873c2f11161202b945,,0,21167eb6bc65648297c19f16218adf48fd8dd7b66b2d0bb8fbf1f1f55fc831e7,540f5eec0a2d760f56ceb36d0b11e6fc706ffd40,,
